"values","name"
"https://www.stauden-spatzundfrank.de/1000-gaerten-1000-arten-paket-blumenkraeuterrasen.html","1000 Gärten 1000 Arten Paket Blumenkräuterrasen"
"https://www.stauden-spatzundfrank.de/1000-gaerten-1000-arten-paket-sonnenanbeter.html","1000 Gärten 1000 Arten Paket Sonnenanbeter"
"https://www.stauden-spatzundfrank.de/acker-glockenblume-campanula-rapunculoides.html","Acker-Glockenblume (Campanula rapunculoides)"
"https://www.stauden-spatzundfrank.de/aehrige-teufelskralle-phyteuma-spicatum.html","Ährige Teufelskralle (Phyteuma spicatum)"
"https://www.stauden-spatzundfrank.de/aehriger-ehrenpreis-veronica-spicata-neu-pseudolysimachion-spicatum.html","Ähriger Ehrenpreis (Veronica spicata, neu: Pseudolysimachion spicatum)"
"https://www.stauden-spatzundfrank.de/akeleiblaettrige-wiesenraute-thalictrum-aquilegifolium.html","Akeleiblättrige Wiesenraute (Thalictrum aquilegifolium)"
"https://www.stauden-spatzundfrank.de/alpen-akelei-aquilegia-alpina.html","Alpen-Akelei (Aquilegia alpina)"
"https://www.stauden-spatzundfrank.de/alpen-aster-aster-alpinus.html","Alpen-Aster (Aster alpinus)"
"https://www.stauden-spatzundfrank.de/alpen-aster-albus-aster-alpinus-albus.html","Alpen-Aster Albus (Aster alpinus Albus)"
"https://www.stauden-spatzundfrank.de/alpen-aster-albus-plenus-aster-alpinus-albus-plenus.html","Alpen-Aster Albus Plenus (Aster alpinus Albus Plenus)"
"https://www.stauden-spatzundfrank.de/alpen-aster-dunkle-schoene-aster-alpinus-dunkle-schoene.html","Alpen-Aster Dunkle Schöne (Aster alpinus Dunkle Schöne)"
"https://www.stauden-spatzundfrank.de/alpen-aster-pinkie-aster-alpinus-pinkie.html","Alpen-Aster Pinkie (Aster alpinus Pinkie)"
"https://www.stauden-spatzundfrank.de/alpen-aster-sabine-aster-alpinus-sabine.html","Alpen-Aster Sabine (Aster alpinus Sabine)"
"https://www.stauden-spatzundfrank.de/alpen-helmkraut-scutellaria-alpina.html","Alpen-Helmkraut (Scutellaria alpina)"
"https://www.stauden-spatzundfrank.de/alpen-leinkraut-linaria-alpina.html","Alpen-Leinkraut (Linaria alpina)"
"https://www.stauden-spatzundfrank.de/alpen-schuppenkopf-cephalaria-alpina.html","Alpen-Schuppenkopf (Cephalaria alpina)"
"https://www.stauden-spatzundfrank.de/alpen-steinquendel-acinos-alpinus.html","Alpen-Steinquendel (Acinos alpinus)"
"https://www.stauden-spatzundfrank.de/alpenbalsam-albus-erinus-alpinus-albus.html","Alpenbalsam Albus (Erinus alpinus Albus)"
"https://www.stauden-spatzundfrank.de/alpenbalsam-dr-haehnle-erinus-alpinus-dr-haehnle.html","Alpenbalsam Dr. Hähnle (Erinus alpinus Dr. Hähnle)"
"https://www.stauden-spatzundfrank.de/alpengloeckel-cortusa-matthioli.html","Alpenglöckel (Cortusa matthioli)"
"https://www.stauden-spatzundfrank.de/apenninen-sonnenroeschen-helianthemum-apenninum.html","Apenninen-Sonnenröschen (Helianthemum apenninum)"
"https://www.stauden-spatzundfrank.de/aestige-graslilie-anthericum-ramosum.html","Ästige Graslilie (Anthericum ramosum)"
"https://www.stauden-spatzundfrank.de/Atropa-belladonna--Tollkirsche-.html","Atropa belladonna (Tollkirsche)"
"https://www.stauden-spatzundfrank.de/aufrechter-ziest-stachys-recta.html","Aufrechter Ziest (Stachys recta)"
"https://www.stauden-spatzundfrank.de/ausdauerndes-silberblatt-mondviole-lunaria-rediviva.html","Ausdauerndes Silberblatt, Mondviole (Lunaria rediviva)"
"https://www.stauden-spatzundfrank.de/bach-minze-wasser-minze-mentha-aquatica.html","Bach-Minze, Wasser-Minze (Mentha aquatica)"
"https://www.stauden-spatzundfrank.de/bach-nelkenwurz-blutstroepferl-geum-rivale.html","Bach-Nelkenwurz, Blutströpferl (Geum rivale)"
"https://www.stauden-spatzundfrank.de/bachbungen-ehrenpreis-veronica-beccabunga.html","Bachbungen-Ehrenpreis (Veronica beccabunga)"
"https://www.stauden-spatzundfrank.de/balkan-bergminze-micromeria-thyminifoia.html","Balkan-Bergminze (Micromeria thyminifoia)"
"https://www.stauden-spatzundfrank.de/barbarakraut-barbarea-vulgaris.html","Barbarakraut (Barbarea vulgaris)"
"https://www.stauden-spatzundfrank.de/baerenschote-suesser-tragant-astragalus-glycyphyllos.html","Bärenschote, Süßer Tragant (Astragalus glycyphyllos)"
"https://www.stauden-spatzundfrank.de/baer-lauch-allium-ursinum.html","Bärlauch (Allium ursinum)"
"https://www.stauden-spatzundfrank.de/baerwurz-meum-athamanticum.html","Bärwurz (Meum athamanticum)"
"https://www.stauden-spatzundfrank.de/berg-aster-dr-otto-petschek-aster-amellus-dr-otto-petschek.html","Berg-Aster Dr. Otto Petschek (Aster amellus Dr. Otto Petschek)"
"https://www.stauden-spatzundfrank.de/berg-aster-lady-hindlip-aster-amellus-lady-hindlip.html","Berg-Aster Lady Hindlip (Aster amellus Lady Hindlip)"
"https://www.stauden-spatzundfrank.de/berg-aster-rosa-erfuellung-aster-amellus-rosa-erfuellung.html","Berg-Aster Rosa Erfüllung (Aster amellus Rosa Erfüllung)"
"https://www.stauden-spatzundfrank.de/berg-aster-sternkugel-aster-amellus-sternkugel.html","Berg-Aster Sternkugel (Aster amellus Sternkugel)"
"https://www.stauden-spatzundfrank.de/berg-aster-veilchenkoenigin-aster-amellus-veilchenkoenigin.html","Berg-Aster Veilchenkönigin (Aster amellus Veilchenkönigin)"
"https://www.stauden-spatzundfrank.de/berg-aster-kalk-aster-aster-amellus.html","Berg-Aster, Kalk-Aster (Aster amellus)"
"https://www.stauden-spatzundfrank.de/berg-bohnenkraut-satureja-montana.html","Berg-Bohnenkraut (Satureja montana)"
"https://www.stauden-spatzundfrank.de/berg-bohnenkraut-aromakugel-satureja-montana-aromakugel.html","Berg-Bohnenkraut Aromakugel (Satureja montana Aromakugel)"
"https://www.stauden-spatzundfrank.de/berg-eisenhut-aconitum-napellus.html","Berg-Eisenhut (Aconitum napellus)"
"https://www.stauden-spatzundfrank.de/berg-eisenhut-schneewittchen-aconitum-napellus-schneewittchen.html","Berg-Eisenhut Schneewittchen (Aconitum napellus Schneewittchen)"
"https://www.stauden-spatzundfrank.de/berg-flockenblume-centaurea-montana.html","Berg-Flockenblume (Centaurea montana)"
"https://www.stauden-spatzundfrank.de/berg-gamander-teucrium-montanum.html","Berg-Gamander (Teucrium montanum)"
"https://www.stauden-spatzundfrank.de/berg-laserkraut-laserpitium-siler.html","Berg-Laserkraut (Laserpitium siler)"
"https://www.stauden-spatzundfrank.de/berg-lauch-allium-senescens-ssp-montanum-allium-lusitanicum.html","Berg-Lauch (Allium senescens ssp. montanum, Allium lusitanicum)"
"https://www.stauden-spatzundfrank.de/berg-lauch-ausdauerender-lauch-allium-senescens-ssp-senescens.html","Berg-Lauch, Ausdauernder Lauch (Allium senescens ssp. senescens)"
"https://www.stauden-spatzundfrank.de/berg-meister-asperula-gussonii.html","Berg-Meister, Bergmeier (Asperula gussonii)"
"https://www.stauden-spatzundfrank.de/berg-sandgloeckchen-jasione-montana.html","Berg-Sandglöckchen (Jasione montana)"
"https://www.stauden-spatzundfrank.de/berg-segge-carex-montana.html","Berg-Segge (Carex montana)"
"https://www.stauden-spatzundfrank.de/berg-steinkraut-alyssum-montanum-berggold.html","Berg-Steinkraut Berggold (Alyssum montanum Berggold)"
"https://www.stauden-spatzundfrank.de/bibernelle-pimpinella-saxifraga.html","Bibernelle (Pimpinella saxifraga)"
"https://www.stauden-spatzundfrank.de/blassgelber-klee-trifolium-ochroleucum.html","Blassgelber Klee (Trifolium ochroleucum)"
"https://www.stauden-spatzundfrank.de/blauschwingel-festuca-cinerea.html","Blauschwingel (Festuca cinerea)"
"https://www.stauden-spatzundfrank.de/blauschwingel-eisvogel-festuca-cinerea-eisvogel.html","Blauschwingel Eisvogel (Festuca cinerea Eisvogel)"
"https://www.stauden-spatzundfrank.de/blut-storchschnabel-geranium-sanguineum.html","Blut-Storchschnabel (Geranium sanguineum)"
"https://www.stauden-spatzundfrank.de/blutampfer-rumex-acetosa-var-sanguinea.html","Blutampfer (Rumex acetosa var. sanguinea)"
"https://www.stauden-spatzundfrank.de/blutweiderich-lythrum-salicaria.html","Blutweiderich (Lythrum salicaria)"
"https://www.stauden-spatzundfrank.de/blutweiderich-blush-lythrum-salicaria-blush.html","Blutweiderich Blush (Lythrum salicaria Blush)"
"https://www.stauden-spatzundfrank.de/blutweiderich-robin-lythrum-salicaria-robin.html","Blutweiderich Robin (Lythrum salicaria Robin)"
"https://www.stauden-spatzundfrank.de/blutwurz-tormentill-potentilla-erecta.html","Blutwurz, Tormentill (Potentilla erecta)"
"https://www.stauden-spatzundfrank.de/brandkraut-phlomis-.html","Brandkraut (Phlomis russeliana)"
"https://www.stauden-spatzundfrank.de/braune-schwalbenwurz-vincetoxicum-fuscatum.html","Braune Schwalbenwurz (Vincetoxicum fuscatum)"
"https://www.stauden-spatzundfrank.de/braunelle-gruss-aus-isernhagen-prunella-grandiflora-gruss-aus-isernhagen.html","Braunelle Gruß aus Isernhagen (Prunella grandiflora Gruß aus Isernhagen)"
"https://www.stauden-spatzundfrank.de/Braeunlicher-Fingerhut--Digitalis-obscura-.html","Bräunlicher Fingerhut (Digitalis obscura)"
"https://www.stauden-spatzundfrank.de/breitblaettiges-laserkraut-laserpitium-latifolium.html","Breitblättiges Laserkraut (Laserpitium latifolium)"
"https://www.stauden-spatzundfrank.de/brennender-busch-diptam-dictamnus-albus.html","Brennender Busch, Diptam (Dictamnus albus)"
"https://www.stauden-spatzundfrank.de/bronze-fenchel-foeniculum-vulgare-rubrum.html","Bronze-Fenchel (Foeniculum vulgare Rubrum)"
"https://www.stauden-spatzundfrank.de/bunte-kronwicke-coronilla-varia-securigera-varia.html","Bunte Kronwicke (Coronilla varia, Securigera varia)"
"https://www.stauden-spatzundfrank.de/bueschel-ehrenpreis-veronica-teucrium.html","Büschel-Ehrenpreis (Veronica teucrium)"
"https://www.stauden-spatzundfrank.de/bueschel-ehrenpreis-knallblau-veronica-teucrium-knallblau.html","Büschel-Ehrenpreis Knallblau (Veronica teucrium Knallblau)"
"https://www.stauden-spatzundfrank.de/Stipa-capillata--Bueschel-Haargras-.html","Büschel-Haargras (Stipa capillata)"
"https://www.stauden-spatzundfrank.de/bueschel-nelke-raue-nelke-dianthus-armeria.html","Büschel-Nelke, Raue Nelke (Dianthus armeria)"
"https://www.stauden-spatzundfrank.de/buschwindroeschen-allenii-anemone-nemorosa-allenii.html","Buschwindröschen Allenii (Anemone nemorosa Allenii)"
"https://www.stauden-spatzundfrank.de/buschwindroeschen-blue-eyes-anemone-nemorosa-blue-eyes.html","Buschwindröschen Blue Eyes (Anemone nemorosa Blue Eyes)"
"https://www.stauden-spatzundfrank.de/buschwindroeschen-bowles-purple-anemone-nemorosa-bowles-purple.html","Buschwindröschen Bowles Purple (Anemone nemorosa Bowles Purple)"
"https://www.stauden-spatzundfrank.de/buschwindroeschen-deisterglut-anemone-nemorosa-deisterglut.html","Buschwindröschen Deisterglut (Anemone nemorosa Deisterglut)"
"https://www.stauden-spatzundfrank.de/buschwindroeschen-parlez-vous-anemone-nemorosa-parlez-vous.html","Buschwindröschen Parlez vous (Anemone nemorosa Parlez Vous)"
"https://www.stauden-spatzundfrank.de/buschwindroeschen-rosea-anemone-nemorosa-rosea.html","Buschwindröschen Rosea (Anemone nemorosa Rosea)"
"https://www.stauden-spatzundfrank.de/christrose-helleborus-niger.html","Christrose (Helleborus niger)"
"https://www.stauden-spatzundfrank.de/deutscher-alant-inula-germanica.html","Deutscher Alant (Inula germanica)"
"https://www.stauden-spatzundfrank.de/deutscher-backenklee-dorycnium-germanicum.html","Deutscher Backenklee (Dorycnium germanicum)"
"https://www.stauden-spatzundfrank.de/die-kleine-raupe-nimmersatt-stauden-als-raupenfutter.html","Die kleine Raupe Nimmersatt - Stauden als Raupenfutter"
"https://www.stauden-spatzundfrank.de/doldiges-habichtskraut-hieracium-umbellatum.html","Doldiges Habichtskraut (Hieracium umbellatum)"
"https://www.stauden-spatzundfrank.de/dorniger-hauhechel-ononis-spinosa.html","Dorniger Hauhechel (Ononis spinosa)"
"https://www.stauden-spatzundfrank.de/drachenkopf-dracocephalum-ruyschiana.html","Drachenkopf (Dracocephalum ruyschiana)"
"https://www.stauden-spatzundfrank.de/drachenmaul-horminum-pyrenaicum.html","Drachenmaul (Horminum pyrenaicum)"
"https://www.stauden-spatzundfrank.de/duft-salomonsiegel-polygonatum-odoratum.html","Duft-Salomonsiegel (Polygonatum odoratum)"
"https://www.stauden-spatzundfrank.de/duft-skabiose-scabiosa-canescens.html","Duft-Skabiose (Scabiosa canescens)"
"https://www.stauden-spatzundfrank.de/duftveilchen-viola-odorata.html","Duftveilchen (Viola odorata)"
"https://www.stauden-spatzundfrank.de/duftveilchen-koenigin-charlotte-viola-odorata-koenigin-charlotte.html","Duftveilchen Königin Charlotte (Viola odorata Königin Charlotte)"
"https://www.stauden-spatzundfrank.de/Duftveilchen-Royal-Wedding--Viola-odorata-Royal-Wedding-.html","Duftveilchen Royal Wedding (Viola odorata Royal Wedding)"
"https://www.stauden-spatzundfrank.de/dunkle-akelei-aquilegia-atrata.html","Dunkle Akelei (Aquilegia atrata)"
"https://www.stauden-spatzundfrank.de/dunkle-flockenblume-centaurea-nigra.html","Dunkle Flockenblume (Centaurea nigra)"
"https://www.stauden-spatzundfrank.de/dunkle-koenigskerze-verbascum-nigrum.html","Dunkle Königskerze (Verbascum nigrum)"
"https://www.stauden-spatzundfrank.de/dunkle-koenigskerze-album-verbascum-nigrum-album.html","Dunkle Königskerze Album (Verbascum nigrum Album)"
"https://www.stauden-spatzundfrank.de/dunkler-storchschnabel-geranium-phaeum.html","Dunkler Storchschnabel (Geranium phaeum)"
"https://www.stauden-spatzundfrank.de/echte-goldrute-solidago-virgaurea.html","Echte Goldrute (Solidago virgaurea)"
"https://www.stauden-spatzundfrank.de/echte-katzenminze-nepeta-cataria.html","Echte Katzenminze (Nepeta cataria)"
"https://www.stauden-spatzundfrank.de/echte-schluesselblume-wiesen-schluesselblume-primula-veris.html","Echte Schlüsselblume, Wiesen-Schlüsselblume (Primula veris)"
"https://www.stauden-spatzundfrank.de/echter-baldrian-valeriana-officinalis.html","Echter Baldrian (Valeriana officinalis)"
"https://www.stauden-spatzundfrank.de/echter-beinwell-symphytum-officinale.html","Echter Beinwell (Symphytum officinale)"
"https://www.stauden-spatzundfrank.de/echter-bergfenchel-seseli-montanum.html","Echter Bergfenchel (Seseli montanum)"
"https://www.stauden-spatzundfrank.de/echter-eibisch-samtpappel-althaea-officinalis.html","Echter Eibisch, Samtpappel (Althaea officinalis)"
"https://www.stauden-spatzundfrank.de/echter-kuemmel-carum-carvi.html","Echter Kümmel (Carum carvi)"
"https://www.stauden-spatzundfrank.de/echter-quendel-arznei-thymian-thymus-pulegioides.html","Echter Quendel, Arznei-Thymian (Thymus pulegioides)"
"https://www.stauden-spatzundfrank.de/echter-salbei-salvia-officinalis.html","Echter Salbei (Salvia officinalis)"
"https://www.stauden-spatzundfrank.de/echter-salbei-berggarten-salvia-officinalis-berggarten.html","Echter Salbei Berggarten (Salvia officinalis Berggarten)"
"https://www.stauden-spatzundfrank.de/echter-salbei-casa-zampini-salvia-officinalis-casa-zampini.html","Echter Salbei Casa Zampini (Salvia officinalis Casa Zampini)"
"https://www.stauden-spatzundfrank.de/echter-salbei-major-salvia-officinalis-major.html","Echter Salbei Major (Salvia officinalis Major)"
"https://www.stauden-spatzundfrank.de/echter-salbei-purpurascens-salvia-officinalis-purpurascens.html","Echter Salbei Purpurascens (Salvia officinalis Purpurascens)"
"https://www.stauden-spatzundfrank.de/echter-thymian-standard-winter-thymus-vulgaris.html","Echter Thymian Standard Winter (Thymus vulgaris)"
"https://www.stauden-spatzundfrank.de/echter-ziest-heil-ziest-betonica-officinalis-stachys-officinalis.html","Echter Ziest, Heil-Ziest (Betonica officinalis, Stachys officinalis)"
"https://www.stauden-spatzundfrank.de/echtes-eisenkraut-verbena-officinalis.html","Echtes Eisenkraut (Verbena officinalis)"
"https://www.stauden-spatzundfrank.de/echtes-labkraut-galium-verum.html","Echtes Labkraut (Galium verum)"
"https://www.stauden-spatzundfrank.de/echtes-lungenkraut-pulmonaria-officinalis.html","Echtes Lungenkraut (Pulmonaria officinalis)"
"https://www.stauden-spatzundfrank.de/echtes-maedesuess-filipendula-ulmaria.html","Echtes Mädesüß (Filipendula ulmaria)"
"https://www.stauden-spatzundfrank.de/echtes-seifenkraut-saponaria-officinalis.html","Echtes Seifenkraut (Saponaria officinalis)"
"https://www.stauden-spatzundfrank.de/edel-gamander-teucrium-chamaedrys.html","Edel-Gamander (Teucrium chamaedrys)"
"https://www.stauden-spatzundfrank.de/edelweiss-silberzwerg-leontopodium-alpinum-silberzwerg.html","Edelweiß Silberzwerg (Leontopodium alpinum Silberzwerg)"
"https://www.stauden-spatzundfrank.de/edle-schafgarbe-duft-scharfgarbe-achillea-nobilis.html","Edle Schafgarbe, Duft-Scharfgarbe (Achillea nobilis)"
"https://www.stauden-spatzundfrank.de/ehrenpreis-rosa-zwerg-veronica-spicata-rosa-zwerg.html","Ehrenpreis Rosa Zwerg (Veronica spicata Rosa Zwerg)"
"https://www.stauden-spatzundfrank.de/elsaesser-haarstrang-peucedanum-alsaticum.html","Elsässer Haarstrang (Peucedanum alsaticum)"
"https://www.stauden-spatzundfrank.de/engelwurz-angelica-archangelica.html","Engelwurz (Angelica archangelica)"
"https://www.stauden-spatzundfrank.de/engelwurz-angelica-gigas.html","Engelwurz (Angelica gigas)"
"https://www.stauden-spatzundfrank.de/eselsdistel-onopordum-acanthium.html","Eselsdistel (Onopordum acanthium)"
"https://www.stauden-spatzundfrank.de/esparsette-onobrychis-vicifolia.html","Esparsette (Onobrychis vicifolia)"
"https://www.stauden-spatzundfrank.de/faerber-wau-reseda-luteola.html","Färber Wau (Reseda luteola)"
"https://www.stauden-spatzundfrank.de/faerber-meister-faerber-meier-asperula-tinctoria.html","Färber-Meister, Färber-Meier (Asperula tinctoria)"
"https://www.stauden-spatzundfrank.de/faerberkamille-anthemis-tinctoria.html","Färberkamille (Anthemis tinctoria)"
"https://www.stauden-spatzundfrank.de/faerberkamille-e-c-buxton-anthemis-tinctoria-e-c-buxton.html","Färberkamille E. C. Buxton (Anthemis tinctoria E. C. Buxton)"
"https://www.stauden-spatzundfrank.de/Faerberscharte-Serratula-tinctoria-.html","Färberscharte (Serratula tinctoria)"
"https://www.stauden-spatzundfrank.de/faerberwaid-isatis-tinctoria.html","Färberwaid (Isatis tinctoria)"
"https://www.stauden-spatzundfrank.de/felsen-steinkraut-alyssum-saxatile-compactum-goldkugel.html","Felsen-Steinkraut Compactum Goldkugel (Alyssum saxatile Compactum Goldkugel)"
"https://www.stauden-spatzundfrank.de/felsen-steinkraut-sulphureum-alyssum-saxatile-sulphureum.html","Felsen-Steinkraut Sulphureum (Alyssum saxatile Sulphureum)"
"https://www.stauden-spatzundfrank.de/felsennelke-petrorhagia-saxifraga-tunica-saxifraga.html","Felsennelke (Petrorhagia saxifraga, Tunica saxifraga)"
"https://www.stauden-spatzundfrank.de/felsennelke-rosette-petrorhagia-saxifraga-rosette.html","Felsennelke Rosette (Petrorhagia saxifraga Rosette)"
"https://www.stauden-spatzundfrank.de/fenchel-foeniculum-vulgare.html","Fenchel (Foeniculum vulgare)"
"https://www.stauden-spatzundfrank.de/fettwiesen-margerite-leucanthemum-ircutianum.html","Fettwiesen-Margerite (Leucanthemum ircutianum)"
"https://www.stauden-spatzundfrank.de/filziger-andorn-marrubium-incanum.html","Filziger Andorn (Marrubium incanum)"
"https://www.stauden-spatzundfrank.de/franzoesischer-estragon-franse-dragon-artemisia-dracunculus-var-sativus-franse-dragon.html","Französischer Estragon Franse Dragon (Artemisia dracunculus var. sativus Franse Dragon)"
"https://www.stauden-spatzundfrank.de/franzoesischer-milch-lattich-cicerbita-plumeri.html","Französischer Milch-Lattich (Cicerbita plumeri)"
"https://www.stauden-spatzundfrank.de/frauenfarn-athyrium-filix-femina.html","Frauenfarn (Athyrium filix-femina)"
"https://www.stauden-spatzundfrank.de/fruehbluehender-thymian-thymus-praecox.html","Frühblühender Thymian (Thymus praecox)"
"https://www.stauden-spatzundfrank.de/fruehlings-fingerkraut-potentilla-verna-potentilla-neumanniana.html","Frühlings-Fingerkraut (Potentilla verna, Potentilla neumanniana)"
"https://www.stauden-spatzundfrank.de/fruehlings-hainsimse-luzula-pilosa-igel.html","Frühlings-Hainsimse (Luzula pilosa Igel)"
"https://www.stauden-spatzundfrank.de/fruehlings-platterbse-lathyrus-vernus.html","Frühlings-Platterbse (Lathyrus vernus)"
"https://www.stauden-spatzundfrank.de/fugenfueller-trittfeste-stauden-fuer-plattenfugen.html","Fugenfüller - trittfeste Stauden für Plattenfugen"
"https://www.stauden-spatzundfrank.de/gamander-ehrenpreis-veronica-chamaedrys.html","Gamander Ehrenpreis (Veronica chamaedrys)"
"https://www.stauden-spatzundfrank.de/gaensebluemchen-bellis-perennis.html","Gänseblümchen (Bellis perennis)"
"https://www.stauden-spatzundfrank.de/gebirgs-kaelberkropf-chaerophyllum-hirsutum.html","Gebirgs-Kälberkropf (Chaerophyllum hirsutum)"
"https://www.stauden-spatzundfrank.de/gefleckte-taubnessel-lamium-maculatum.html","Gefleckte Taubnessel (Lamium maculatum)"
"https://www.stauden-spatzundfrank.de/gefluegeltes-johanniskraut-hypericum-tetrapterum.html","Geflügeltes Johanniskraut (Hypericum tetrapterum)"
"https://www.stauden-spatzundfrank.de/gefuellter-hahnenfuss-ranunculus-acris-multiplex.html","Gefüllter Hahnenfuß (Ranunculus acris Multiplex)"
"https://www.stauden-spatzundfrank.de/gelbe-skabiose-scabiosa-ochroleuca.html","Gelbe Skabiose (Scabiosa ochroleuca)"
"https://www.stauden-spatzundfrank.de/gelbe-sumpf-schwertlilie-iris-pseudacorus.html","Gelbe Sumpf-Schwertlilie (Iris pseudacorus)"
"https://www.stauden-spatzundfrank.de/gelbe-wiesenraute-thalictrum-flavum.html","Gelbe Wiesenraute (Thalictrum flavum)"
"https://www.stauden-spatzundfrank.de/gelber-enzian-gentiana-lutea.html","Gelber Enzian (Gentiana lutea)"
"https://www.stauden-spatzundfrank.de/gelber-hauhechel-ononis-natrix.html","Gelber Hauhechel (Ononis natrix)"
"https://www.stauden-spatzundfrank.de/gelber-lein-linum-flavum.html","Gelber Lein (Linum flavum)"
"https://www.stauden-spatzundfrank.de/gelber-wau-reseda-lutea.html","Gelber Wau (Reseda lutea)"
"https://www.stauden-spatzundfrank.de/Gelber-Fingerhut--Digitalis-lutea--.html","Gelber-Fingerhut (Digitalis lutea )"
"https://www.stauden-spatzundfrank.de/gelbes-windroeschen-anemone-ranunculoides.html","Gelbes Windröschen (Anemone ranunculoides)"
"https://www.stauden-spatzundfrank.de/gelbrand-wald-marbel-luzula-sylvatica-marginata.html","Gelbrand-Wald-Marbel (Luzula sylvatica Marginata)"
"https://www.stauden-spatzundfrank.de/gemeine-hundszunge-cynoglossum-officinale.html","Gemeine Hundszunge (Cynoglossum officinale)"
"https://www.stauden-spatzundfrank.de/gemeine-nachtkerze-oenothera-biennis.html","Gemeine Nachtkerze (Oenothera biennis)"
"https://www.stauden-spatzundfrank.de/gemeine-osterluzei-aristolochia-clematitis.html","Gemeine Osterluzei (Aristolochia clematitis)"
"https://www.stauden-spatzundfrank.de/gemeiner-ehrenpreis-veronica-officinalis.html","Gemeiner Ehrenpreis (Veronica officinalis)"
"https://www.stauden-spatzundfrank.de/genfer-guensel-ajuga-genevensis.html","Genfer Günsel (Ajuga genevensis)"
"https://www.stauden-spatzundfrank.de/gewoehnliche-akelei-aquilegia-vulgaris.html","Gewöhnliche Akelei (Aquilegia vulgaris)"
"https://www.stauden-spatzundfrank.de/gewoehnliche-akelei-aquilegia-vulgaris-alba.html","Gewöhnliche Akelei Alba (Aquilegia vulgaris Alba)"
"https://www.stauden-spatzundfrank.de/gewoehnliche-golddistel-carlina-vulgaris.html","Gewöhnliche Golddistel (Carlina vulgaris)"
"https://www.stauden-spatzundfrank.de/gewoehnliche-haselwurz-asarum-europaeum.html","Gewöhnliche Haselwurz (Asarum europaeum)"
"https://www.stauden-spatzundfrank.de/gewoehnliche-kugelblume-globularia-punctata.html","Gewöhnliche Kugelblume (Globularia punctata)"
"https://www.stauden-spatzundfrank.de/gewoehnlicher-andorn-marrubium-vulgare.html","Gewöhnlicher Andorn (Marrubium vulgare)"
"https://www.stauden-spatzundfrank.de/gewoehnlicher-frauenmantel-alchemilla-xanthochlora.html","Gewöhnlicher Frauenmantel (Alchemilla xanthochlora)"
"https://www.stauden-spatzundfrank.de/gewoehnlicher-haarstrang-peucedanum-officinale.html","Gewöhnlicher Haarstrang (Peucedanum officinale)"
"https://www.stauden-spatzundfrank.de/gewoehnlicher-hornklee-lotus-corniculatus.html","Gewöhnlicher Hornklee (Lotus corniculatus)"
"https://www.stauden-spatzundfrank.de/gewoehnlicher-pastinak-pastinaca-sativa.html","Gewöhnlicher Pastinak (Pastinaca sativa)"
"https://www.stauden-spatzundfrank.de/gewoehnlicher-strandflieder-limonium-vulgare.html","Gewöhnlicher Strandflieder (Limonium vulgare)"
"https://www.stauden-spatzundfrank.de/gewoehnlicher-wiesenknopf-sanguisorba-officinalis.html","Gewöhnlicher Wiesenknopf (Sanguisorba officinalis)"
"https://www.stauden-spatzundfrank.de/gewoehnlicher-wirbeldost-clinopodium-vulgare.html","Gewöhnlicher Wirbeldost (Clinopodium vulgare)"
"https://www.stauden-spatzundfrank.de/gewoehnlicher-wundklee-anthyllis-vulneraria.html","Gewöhnlicher Wundklee (Anthyllis vulneraria)"
"https://www.stauden-spatzundfrank.de/gewoehnliches-leimkraut-silene-vulgaris.html","Gewöhnliches Leimkraut (Silene vulgaris)"
"https://www.stauden-spatzundfrank.de/gewoehnliches-leinkraut-linaria-vulgaris.html","Gewöhnliches Leinkraut (Linaria vulgaris)"
"https://www.stauden-spatzundfrank.de/gewoehnliches-sonnenroeschen-helianthemum-nummularium.html","Gewöhnliches Sonnenröschen (Helianthemum nummularium)"
"https://www.stauden-spatzundfrank.de/gilbweiderich-lysimachia-vulgaris.html","Gilbweiderich (Lysimachia vulgaris)"
"https://www.stauden-spatzundfrank.de/ginster-leinkraut-linaria-genistifolia.html","Ginster-Leinkraut (Linaria genistifolia)"
"https://www.stauden-spatzundfrank.de/glanz-skabiose-scabiosa-lucida.html","Glanz-Skabiose (Scabiosa lucida)"
"https://www.stauden-spatzundfrank.de/glaenzende-wiesenraute-thalictrum-lucidum.html","Glänzende Wiesenraute (Thalictrum lucidum)"
"https://www.stauden-spatzundfrank.de/gold-wolfsmilch-euphorbia-polychroma.html","Gold-Wolfsmilch (Euphorbia polychroma)"
"https://www.stauden-spatzundfrank.de/goldbartgras-chrysopogon-gryllus.html","Goldbartgras (Chrysopogon gryllus)"
"https://www.stauden-spatzundfrank.de/goldhaar-aster-aster-linosyris.html","Goldhaar-Aster (Aster linosyris)"
"https://www.stauden-spatzundfrank.de/goldschuppenfarn-the-king-dryopteris-affinis-cristata-the-king.html","Goldschuppenfarn The King (Dryopteris affinis Cristata The King)"
"https://www.stauden-spatzundfrank.de/griechischer-bergtee-sideritis-syriaca.html","Griechischer Bergtee (Sideritis syriaca)"
"https://www.stauden-spatzundfrank.de/griechischer-fingerhut-balkan-fingerhut-digitalis-laevigata.html","Griechischer Fingerhut, Balkan Fingerhut (Digitalis laevigata)"
"https://www.stauden-spatzundfrank.de/grossbluetige-koenigskerze-verbascum-densiflorum-alt-verbascum-thapsiforme.html","Großblütige Königskerze (Verbascum densiflorum, alt. Verbascum thapsiforme)"
"https://www.stauden-spatzundfrank.de/Grossbluetiger-Fingerhut--Digitalis-grandiflora--Digitalis-ambigua-.html","Großblütiger Fingerhut (Digitalis grandiflora, Digitalis ambigua)"
"https://www.stauden-spatzundfrank.de/grosse-bibernelle-pimpinella-major.html","Große Bibernelle (Pimpinella major)"
"https://www.stauden-spatzundfrank.de/grosse-bibernelle-rosea-pimpinella-major-rosea.html","Große Bibernelle Rosea (Pimpinella major Rosea)"
"https://www.stauden-spatzundfrank.de/grosse-braunelle-prunella-grandiflora.html","Große Braunelle (Prunella grandiflora)"
"https://www.stauden-spatzundfrank.de/grosse-sternmiere-stellaria-holostea.html","Große Sternmiere (Stellaria holostea)"
"https://www.stauden-spatzundfrank.de/gruener-tripmadam-sedum-rupestre.html","Grüner Tripmadam (Sedum rupestre)"
"https://www.stauden-spatzundfrank.de/gundermann-gundelrebe-glechoma-hederacea.html","Gundermann, Gundelrebe (Glechoma hederacea)"
"https://www.stauden-spatzundfrank.de/guter-heinrich-chenopodium-bonus-henricus.html","Guter Heinrich (Chenopodium bonus-henricus)"
"https://www.stauden-spatzundfrank.de/hahnenfuss-pleniflorus-ranunculus-aconitifolius-pleniflorus.html","Hahnenfuss Pleniflorus (Ranunculus aconitifolius Pleniflorus)"
"https://www.stauden-spatzundfrank.de/haengepolster-glockenblume-freya-campanula-poscharskyana-freya.html","Hängepolster-Glockenblume Freya (Campanula poscharskyana Freya)"
"https://www.stauden-spatzundfrank.de/haengepolster-glockenblume-lisduggan-campanula-poscharskyana-lisduggan.html","Hängepolster-Glockenblume Lisduggan (Campanula poscharskyana Lisduggan)"
"https://www.stauden-spatzundfrank.de/haengepolster-glockenblume-stella-campanula-poscharskyana-stella.html","Hängepolster-Glockenblume Stella (Campanula poscharskyana Stella)"
"https://www.stauden-spatzundfrank.de/haengepolster-glockenblume-templiner-teppich-campanula-poscharskyana-templiner-teppich.html","Hängepolster-Glockenblume Templiner Teppich (Campanula poscharskyana Templiner Teppich)"
"https://www.stauden-spatzundfrank.de/heide-nelke-dianthus-deltoides.html","Heide-Nelke (Dianthus deltoides)"
"https://www.stauden-spatzundfrank.de/heidenelke-arctic-fire-dianthus-deltoides-arctic-fire.html","Heidenelke Arctic Fire (Dianthus deltoides Arctic Fire)"
"https://www.stauden-spatzundfrank.de/heidenelke-leuchtfunk-dianthus-deltoides-leuchtfunk.html","Heidenelke Leuchtfunk (Dianthus deltoides Leuchtfunk)"
"https://www.stauden-spatzundfrank.de/heiligenkraut-edward-bowles-santolina-chamaecyparissus-edward-bowles.html","Heiligenkraut Edward Bowles (Santolina chamaecyparissus Edward Bowles)"
"https://www.stauden-spatzundfrank.de/heiligenkraut-lambrook-silver-santolina-chamaecyparissus-lambrook-silver.html","Heiligenkraut Lambrook Silver (Santolina chamaecyparissus Lambrook Silver)"
"https://www.stauden-spatzundfrank.de/herbst-steinbrech-maigruen-saxifraga-cortusifolia-var-fortunei-maigruen.html","Herbst Steinbrech Maigrün (Saxifraga cortusifolia var. fortunei Maigrün)"
"https://www.stauden-spatzundfrank.de/herbst-kopfgras-sesleria-autumnalis.html","Herbst-Kopfgras (Sesleria autumnalis)"
"https://www.stauden-spatzundfrank.de/herbst-loewenzahn-leontodon-autumnalis.html","Herbst-Löwenzahn (Leontodon autumnalis)"
"https://www.stauden-spatzundfrank.de/kugelbluemchen-globularia-cordifolia.html","Herzblättriges Kugelblümchen (Globularia cordifolia)"
"https://www.stauden-spatzundfrank.de/herzgespann-loewenschweif-leonurus-cardiaca.html","Herzgespann, Löwenschweif (Leonurus cardiaca)"
"https://www.stauden-spatzundfrank.de/hirschzungenfarn-phyllitis-scolopendrium.html","Hirschzungenfarn (Phyllitis scolopendrium)"
"https://www.stauden-spatzundfrank.de/hirse-segge-carex-panicea.html","Hirse-Segge (Carex panicea)"
"https://www.stauden-spatzundfrank.de/hohe-fetthenne-sedum-telephium-ssp-maximum.html","Hohe Fetthenne (Sedum telephium ssp. maximum)"
"https://www.stauden-spatzundfrank.de/hohe-fetthenne-sedum-telephium-ssp-telephium.html","Hohe Fetthenne (Sedum telephium ssp. telephium)"
"https://www.stauden-spatzundfrank.de/hohe-fetthenne-karfunkelstein-sedum-spectabile-karfunkelstein.html","Hohe Fetthenne Karfunkelstein (Sedum spectabile Karfunkelstein)"
"https://www.stauden-spatzundfrank.de/hohe-fetthenne-stardust-sedum-spectabile-stardust.html","Hohe Fetthenne Stardust (Sedum spectabile Stardust)"
"https://www.stauden-spatzundfrank.de/hohe-schluesselblume-primula-elatior.html","Hohe Schlüsselblume (Primula elatior)"
"https://www.stauden-spatzundfrank.de/hohes-fingerkraut-potentilla-recta.html","Hohes Fingerkraut (Potentilla recta)"
"https://www.stauden-spatzundfrank.de/hoppes-frauenmantel-alchemilla-hoppeana.html","Hoppes Frauenmantel (Alchemilla hoppeana)"
"https://www.stauden-spatzundfrank.de/hufeisenklee-hippocrepis-comosa.html","Hufeisenklee (Hippocrepis comosa)"
"https://www.stauden-spatzundfrank.de/huegelmeister-huegelmeier-asperula-cynanchica.html","Hügelmeister, Hügelmeier (Asperula cynanchica)"
"https://www.stauden-spatzundfrank.de/hungerbluemchen-draba-aizoides.html","Hungerblümchen (Draba aizoides)"
"https://www.stauden-spatzundfrank.de/insektenfreundliche-stauden-fuer-den-halbschattigen-balkonkasten-iii.html","Insektenfreundliche Stauden für den halbschattigen Balkonkasten III"
"https://www.stauden-spatzundfrank.de/jakobsleiter-polemonium-caeruleum.html","Jakobsleiter (Polemonium caeruleum)"
"https://www.stauden-spatzundfrank.de/kanten-lauch-allium-angulosum.html","Kanten-Lauch (Allium angulosum)"
"https://www.stauden-spatzundfrank.de/kaerntner-haarstrang-peucedanum-rablense.html","Kärntner-Haarstrang (Peucedanum rablense)"
"https://www.stauden-spatzundfrank.de/karthaeusernelke-dianthus-carthusianorum.html","Karthäusernelke (Dianthus carthusianorum)"
"https://www.stauden-spatzundfrank.de/kaskaden-thymian-thymus-longicaulis-ssp-odoratus.html","Kaskaden-Thymian (Thymus longicaulis ssp. odoratus)"
"https://www.stauden-spatzundfrank.de/katzenpfoetchen-antennaria-dioica.html","Katzenpfötchen (Antennaria dioica)"
"https://www.stauden-spatzundfrank.de/katzenpfoetchen-grillfeuer-antennaria-dioica-grillfeuer.html","Katzenpfötchen Grillfeuer (Antennaria dioica Grillfeuer)"
"https://www.stauden-spatzundfrank.de/katzenpfoetchen-rotes-wunder-antennaria-dioica-rotes-wunder.html","Katzenpfötchen Rotes Wunder (Antennaria dioica Rotes Wunder)"
"https://www.stauden-spatzundfrank.de/klebriger-salbei-amber-salvia-glutinosa-x-bulleyana-amber.html","Klebriger Salbei Amber (Salvia glutinosa x bulleyana Amber)"
"https://www.stauden-spatzundfrank.de/klebriger-salbei-gelber-wald-salbei-salvia-glutinosa.html","Klebriger Salbei, Gelber Wald-Salbei (Salvia glutinosa)"
"https://www.stauden-spatzundfrank.de/kleeblaettriges-schaumkraut-cardamine-trifolia.html","Kleeblättriges Schaumkraut (Cardamine trifolia)"
"https://www.stauden-spatzundfrank.de/kleine-braunelle-prunella-vulgaris.html","Kleine Braunelle (Prunella vulgaris)"
"https://www.stauden-spatzundfrank.de/kleine-wiesenraute-thalictrum-minus.html","Kleine Wiesenraute (Thalictrum minus)"
"https://www.stauden-spatzundfrank.de/kleiner-mannstreu-eryngium-planum.html","Kleiner Mannstreu (Eryngium planum)"
"https://www.stauden-spatzundfrank.de/kleiner-wiesenknopf-pimpinelle-sanguisorba-minor.html","Kleiner Wiesenknopf, Pimpinelle (Sanguisorba minor)"
"https://www.stauden-spatzundfrank.de/kleines-habichtskraut-hieracium-pilosella.html","Kleines Habichtskraut (Hieracium pilosella)"
"https://www.stauden-spatzundfrank.de/kleines-immergruen-vinca-minor.html","Kleines Immergrün (Vinca minor)"
"https://www.stauden-spatzundfrank.de/kleinstrauchiger-ehrenpreis-veronica-fruticulosa.html","Kleinstrauchiger Ehrenpreis (Veronica fruticulosa)"
"https://www.stauden-spatzundfrank.de/knaeul-glockenblume-campanula-glomerata.html","Knäul-Glockenblume (Campanula glomerata)"
"https://www.stauden-spatzundfrank.de/knoblauchsrauke-alliaria-petiolata.html","Knoblauchsrauke (Alliaria petiolata)"
"https://www.stauden-spatzundfrank.de/knoellchen-steinbrech-saxifraga-granulata.html","Knöllchen-Steinbrech (Saxifraga granulata)"
"https://www.stauden-spatzundfrank.de/knollen-brandkraut-phlomis-tuberosa.html","Knollen-Brandkraut (Phlomis tuberosa)"
"https://www.stauden-spatzundfrank.de/knollen-platterbse-lathyrus-tuberosus.html","Knollen-Platterbse (Lathyrus tuberosus)"
"https://www.stauden-spatzundfrank.de/knolliges-kleines-maedesuess-filipendula-vulgaris.html","Knolliges Mädesüß (Filipendula vulgaris)"
"https://www.stauden-spatzundfrank.de/knotige-braunwurz-scrophularia-nodosa.html","Knotige Braunwurz (Scrophularia nodosa)"
"https://www.stauden-spatzundfrank.de/koenigsfarn-osmunda-regalis.html","Königsfarn (Osmunda regalis)"
"https://www.stauden-spatzundfrank.de/kopfgras-moor-blaugras-sesleria-caerulea.html","Kopfgras, Moor-Blaugras (Sesleria caerulea)"
"https://www.stauden-spatzundfrank.de/krauser-rainfarn-crispum-tanacetum-vulgare-crispum-chrysanthemum-vulgare-crispum.html","Krauser Rainfarn Crispum (Tanacetum vulgare Crispum, Chrysanthemum vulgare Crispum)"
"https://www.stauden-spatzundfrank.de/kreta-melisse-melissa-officinalis-var-altissima.html","Kreta-Melisse (Melissa officinalis var. altissima)"
"https://www.stauden-spatzundfrank.de/kreuz-enzian-gentiana-cruciata.html","Kreuz-Enzian (Gentiana cruciata)"
"https://www.stauden-spatzundfrank.de/kriechende-gaemswurz-doronicum-pardalianches.html","Kriechende Gämswurz (Doronicum pardalianches)"
"https://www.stauden-spatzundfrank.de/kriechender-eppisch-wilde-sellerie-apium-repens.html","Kriechender Eppisch, Wilde Sellerie (Apium repens)"
"https://www.stauden-spatzundfrank.de/kriechender-guensel-ajuga-reptans.html","Kriechender Günsel (Ajuga reptans)"
"https://www.stauden-spatzundfrank.de/kriechender-guensel-catlins-giant-ajuga-reptans-catlins-giant.html","Kriechender Günsel Catlins Giant (Ajuga reptans Catlins Giant)"
"https://www.stauden-spatzundfrank.de/kriechender-rosmarin-rosmarinus-officinalis-var-repandens.html","Kriechender Rosmarin (Rosmarinus officinalis var. repandens)"
"https://www.stauden-spatzundfrank.de/kuechenschelle-rubra-pulsatilla-vulgaris-rubra.html","Küchenschelle Rubra (Pulsatilla vulgaris Rubra)"
"https://www.stauden-spatzundfrank.de/kuechenschelle-pulsatilla-vulgaris.html","Küchenschelle, Kuhschelle (Pulsatilla vulgaris)"
"https://www.stauden-spatzundfrank.de/kuckucks-lichtnelke-silene-flos-cuculi-alt-lychnis-flos-cuculi.html","Kuckucks-Lichtnelke (Silene flos-cuculi, alt: Lychnis flos-cuculi)"
"https://www.stauden-spatzundfrank.de/kuckucks-lichtnelke-white-robin-silene-flos-cuculi-white-robin-alt-lychnis-flos-cuculi.html","Kuckucks-Lichtnelke White Robin (Silene flos-cuculi White Robin, alt: Lychnis flos-cuculi)"
"https://www.stauden-spatzundfrank.de/kugelkoepfiger-lauch-allium-sphaerocephalon.html","Kugelköpfiger Lauch (Allium sphaerocephalon)"
"https://www.stauden-spatzundfrank.de/kuemmel-haarstrang-seseli-carvifolia-dichoropetalum-carvifolia.html","Kümmel-Haarstrang (Seseli carvifolia, Dichoropetalum carvifolia)"
"https://www.stauden-spatzundfrank.de/kuemmel-thymian-thymus-herba-barona.html","Kümmel-Thymian (Thymus herba-barona)"
"https://www.stauden-spatzundfrank.de/kuesten-meerkohl-crambe-maritima.html","Küsten-Meerkohl (Crambe maritima)"
"https://www.stauden-spatzundfrank.de/lanzen-guensel-mauro-ajuga-tenorii-mauro.html","Lanzen-Günsel Mauro (Ajuga tenorii Mauro)"
"https://www.stauden-spatzundfrank.de/leberbluemchen-hepatica-nobilis.html","Leberblümchen (Hepatica nobilis)"
"https://www.stauden-spatzundfrank.de/maigloeckchen-convallaria-majalis.html","Maiglöckchen (Convallaria majalis)"
"https://www.stauden-spatzundfrank.de/margerite-wiesenmargerite-leucanthemum-vulgare.html","Margerite, Wiesenmargerite (Leucanthemum vulgare)"
"https://www.stauden-spatzundfrank.de/Primula-farinosa--Mehl-Primel-.html","Mehl-Primel (Primula farinosa)"
"https://www.stauden-spatzundfrank.de/mehlige-koenigskerze-verbascum-lychnitis.html","Mehlige Königskerze (Verbascum lychnitis)"
"https://www.stauden-spatzundfrank.de/milder-mauerpfeffer-sedum-sexangulare.html","Milder Mauerpfeffer (Sedum sexangulare)"
"https://www.stauden-spatzundfrank.de/moor-pfeifengras-molinia-caerulea-moorhexe.html","Moor-Pfeifengras (Molinia caerulea Moorhexe)"
"https://www.stauden-spatzundfrank.de/moor-pfeifengras-molinia-caerulea.html","Moor-Pfeifengras (Molinia caerulea)"
"https://www.stauden-spatzundfrank.de/moorabbiss-frosted-pearls-succisella-inflexa-frosted-pearls.html","Moorabbiss Frosted Pearls (Succisella inflexa Frosted Pearls)"
"https://www.stauden-spatzundfrank.de/moschus-malve-malva-moschata.html","Moschus-Malve (Malva moschata)"
"https://www.stauden-spatzundfrank.de/muskateller-salbei-salvia-sclarea.html","Muskateller-Salbei (Salvia sclarea)"
"https://www.stauden-spatzundfrank.de/muskateller-salbei-vatican-white-salvia-sclarea-vatican-white.html","Muskateller-Salbei Vatican White (Salvia sclarea Vatican White)"
"https://www.stauden-spatzundfrank.de/mutterkraut-tanacetum-parthenium.html","Mutterkraut (Tanacetum parthenium)"
"https://www.stauden-spatzundfrank.de/natternkopf-echium-vulgare.html","Natternkopf (Echium vulgare)"
"https://www.stauden-spatzundfrank.de/nessel-glockenblume-campanula-trachelium.html","Nessel-Glockenblume (Campanula trachelium)"
"https://www.stauden-spatzundfrank.de/Nesselblaettrige-Glockenblume-Album--Campanula-trachelium-.html","Nesselblättrige Glockenblume Album (Campanula trachelium Album)"
"https://www.stauden-spatzundfrank.de/nesselkoenig-lamium-orvala.html","Nesselkönig (Lamium orvala)"
"https://www.stauden-spatzundfrank.de/nickende-distel-carduus-nutans.html","Nickende Distel (Carduus nutans)"
"https://www.stauden-spatzundfrank.de/nickender-schoenlauch-allium-carinatum-ssp-pulchellum.html","Nickender Schönlauch (Allium carinatum ssp. pulchellum)"
"https://www.stauden-spatzundfrank.de/nickendes-leimkraut-silene-nutans.html","Nickendes Leimkraut (Silene nutans)"
"https://www.stauden-spatzundfrank.de/niedriges-leinkraut-neon-lights-linaria-alpina-neon-lights.html","Niedriges Leinkraut Neon Lights (Linaria alpina Neon Lights)"
"https://www.stauden-spatzundfrank.de/ochsenauge-buphthalmum-salicifolium.html","Ochsenauge (Buphthalmum salicifolium)"
"https://www.stauden-spatzundfrank.de/ochsenzunge-anchusa-officinalis.html","Ochsenzunge (Anchusa officinalis)"
"https://www.stauden-spatzundfrank.de/odermennig-agrimonia-eupatoria.html","Odermennig (Agrimonia eupatoria)"
"https://www.stauden-spatzundfrank.de/olivenkraut-zypressenstrauch-santolina-rosmarinifolia.html","Olivenkraut, Zypressenstrauch (Santolina rosmarinifolia)"
"https://www.stauden-spatzundfrank.de/orangeroter-wundklee-anthyllis-vulneraria-ssp-coccinea.html","Orangeroter-Wundklee (Anthyllis vulneraria ssp. coccinea)"
"https://www.stauden-spatzundfrank.de/orangerotes-habichtskraut-hieracium-aurantiacum.html","Orangerotes Habichtskraut (Hieracium aurantiacum)"
"https://www.stauden-spatzundfrank.de/oesterreichische-koenigskerze-verbascum-chaixii-wedding-candles-verbascum-austriacum-wedding-candles.html","Österreichische Königskerze (Verbascum chaixii Wedding Candles, Verbascum austriacum Wedding Candles)"
"https://www.stauden-spatzundfrank.de/oesterreichische-koenigskerze-verbascum-chaixii-verbascum-austriacum.html","Österreichische Königskerze (Verbascum chaixii, Verbascum austriacum)"
"https://www.stauden-spatzundfrank.de/oesterreichischer-drachenkopf-dracocephalum-austriacum.html","Österreichischer Drachenkopf (Dracocephalum austriacum)"
"https://www.stauden-spatzundfrank.de/palmblatt-nieswurz-helleborus-foetidus.html","Palmblatt Nieswurz (Helleborus foetidus)"
"https://www.stauden-spatzundfrank.de/pechnelke-silene-viscaria-lychnis-viscaria.html","Pechnelke (Silene viscaria, Lychnis viscaria)"
"https://www.stauden-spatzundfrank.de/perlgras-melica-uniflora.html","Perlgras (Melica uniflora)"
"https://www.stauden-spatzundfrank.de/peruecken-flockenblume-centaurea-pseudophrygia.html","Perücken-Flockenblume (Centaurea pseudophrygia)"
"https://www.stauden-spatzundfrank.de/pfennigkraut-lysimachia-nummularia.html","Pfennigkraut (Lysimachia nummularia)"
"https://www.stauden-spatzundfrank.de/pfingst-nelke-rosa-juwel-dianthus-gratianopolitanus-rosa-juwel.html","Pfingst-Nelke Rosa Juwel (Dianthus gratianopolitanus Rosa Juwel)"
"https://www.stauden-spatzundfrank.de/pfirsichblaettrige-glockenblume-campanula-persicifolia.html","Pfirsichblättrige Glockenblume (Campanula persicifolia)"
"https://www.stauden-spatzundfrank.de/pfirsichblaettrige-glockenblume-grandiflora-campanula-persicifolia-grandiflora.html","Pfirsichblättrige Glockenblume Grandiflora (Campanula persicifolia Grandiflora)"
"https://www.stauden-spatzundfrank.de/pfirsichblaettrige-glockenblume-grandiflora-alba-campanula-persicifolia-alba.html","Pfirsichblättrige-Glockenblume Grandiflora Alba (Campanula persicifolia Alba)"
"https://www.stauden-spatzundfrank.de/pinien-rosmarin-rosmarinus-angustifolius.html","Pinien-Rosmarin (Rosmarinus angustifolius)"
"https://www.stauden-spatzundfrank.de/polster-ehrenpreis-gewitterbluemchen-mme-mercier-veronica-petraea-mme-mercier.html","Polster-Ehrenpreis, Gewitterblümchen Mme Mercier (Veronica petraea Mme Mercier)"
"https://www.stauden-spatzundfrank.de/polster-schleierkraut-gypsophila-repens.html","Polster-Schleierkraut (Gypsophila repens)"
"https://www.stauden-spatzundfrank.de/polster-seifenkraut-saponaria-ocymoides.html","Polster-Seifenkraut (Saponaria ocymoides)"
"https://www.stauden-spatzundfrank.de/polster-seifenkraut-snowtip-saponaria-ocymoides-snowtip.html","Polster-Seifenkraut Snowtip (Saponaria ocymoides Snowtip)"
"https://www.stauden-spatzundfrank.de/polster-thymian-bressingham-seedling-thymus-doerfleri-bressingham-seedling.html","Polster-Thymian Bressingham Seedling (Thymus doerfleri Bressingham Seedling)"
"https://www.stauden-spatzundfrank.de/pracht-nelke-dianthus-superbus.html","Pracht-Nelke (Dianthus superbus)"
"https://www.stauden-spatzundfrank.de/provence-lavendel-arabian-nights-lavandula-x-intermedia-arabian-nights.html","Provence - Lavendel Arabian Nights (Lavandula x intermedia Arabian Nights)"
"https://www.stauden-spatzundfrank.de/provence-lavendel-grosso-lavandula-x-intermedia-grosso.html","Provence - Lavendel Grosso (Lavandula x intermedia Grosso)"
"https://www.stauden-spatzundfrank.de/purpur-engelwurz-vicars-mead-angelica-sylvestris-vicars-mead.html","Purpur - Engelwurz Vicars Mead (Angelica sylvestris Vicars Mead)"
"https://www.stauden-spatzundfrank.de/purpur-fingerhut-digitalis-purpurea.html","Purpur-Fingerhut (Digitalis purpurea)"
"https://www.stauden-spatzundfrank.de/purpur-koenigskerze-verbascum-phoeniceum.html","Purpur-Königskerze (Verbascum phoeniceum)"
"https://www.stauden-spatzundfrank.de/purpur-witwenblume-knautia-macedonica.html","Purpur-Witwenblume (Knautia macedonica)"
"https://www.stauden-spatzundfrank.de/purpurklee-trifolium-rubens.html","Purpurklee (Trifolium rubens)"
"https://www.stauden-spatzundfrank.de/purpurklee-peachy-pink-trifolium-rubens-peachy-pink.html","Purpurklee Peachy Pink (Trifolium rubens Peachy Pink)"
"https://www.stauden-spatzundfrank.de/pyrenaeen-eisenhut-aconitum-lamarckii.html","Pyrenäen-Eisenhut (Aconitum lamarckii)"
"https://www.stauden-spatzundfrank.de/quirlbluetiger-salbei-alba-salvia-verticillata-alba.html","Quirlblütiger Salbei Alba (Salvia verticillata Alba)"
"https://www.stauden-spatzundfrank.de/rainfarn-tanacetum-vulgare-chrysanthemum-vulgare.html","Rainfarn (Tanacetum vulgare, Chrysanthemum vulgare)"
"https://www.stauden-spatzundfrank.de/rapunzel-glockenblume-campanula-rapunculus.html","Rapunzel-Glockenblume (Campanula rapunculus)"
"https://www.stauden-spatzundfrank.de/rasen-schmiele-deschampsia-cespitosa.html","Rasen-Schmiele (Deschampsia cespitosa)"
"https://www.stauden-spatzundfrank.de/rauer-loewenzahn-leontodon-hispidus.html","Rauer Löwenzahn (Leontodon hispidus)"
"https://www.stauden-spatzundfrank.de/rauhaariger-alant-inula-hirta.html","Rauhaariger Alant (Inula hirta)"
"https://www.stauden-spatzundfrank.de/regenbogenschwingel-festuca-amethystina.html","Regenbogenschwingel (Festuca amethystina)"
"https://www.stauden-spatzundfrank.de/reitgras-karl-foerster-calamagrostis-x-acutiflora-karl-foerster.html","Reitgras Karl Foerster (Calamagrostis x acutiflora Karl Foerster)"
"https://www.stauden-spatzundfrank.de/riesen-haarstrang-peucedanum-verticillare.html","Riesen-Haarstrang (Peucedanum verticillare)"
"https://www.stauden-spatzundfrank.de/riesen-segge-carex-pendula.html","Riesen-Segge (Carex pendula)"
"https://www.stauden-spatzundfrank.de/rippenfarn-blechnum-spicant.html","Rippenfarn (Blechnum spicant)"
"https://www.stauden-spatzundfrank.de/rispen-flockenblume-centaurea-stoebe.html","Rispen-Flockenblume (Centaurea stoebe)"
"https://www.stauden-spatzundfrank.de/rosenpappel-siegmarskraut-malva-alcea.html","Rosenpappel, Siegmarskraut (Malva alcea)"
"https://www.stauden-spatzundfrank.de/rosmarin-arp-rosmarinus-officinalis-arp.html","Rosmarin Arp (Rosmarinus officinalis Arp)"
"https://www.stauden-spatzundfrank.de/rosmarin-rosmarinus-officinalis-veitshoechheim.html","Rosmarin Veitshöchheim (Rosmarinus officinalis Veitshöchheim)"
"https://www.stauden-spatzundfrank.de/rosmarin-weidenroeschen-epilobium-dodonaei.html","Rosmarin-Weidenröschen (Epilobium dodonaei)"
"https://www.stauden-spatzundfrank.de/rosspappel-wilde-malve-malva-sylvestris.html","Rosspappel, Wilde Malve (Malva sylvestris)"
"https://www.stauden-spatzundfrank.de/Rostroter-Fingerhut--Digitalis-ferruginea-.html","Rostroter Fingerhut (Digitalis ferruginea)"
"https://www.stauden-spatzundfrank.de/rote-segge-roter-haarschwingel-walberla-festuca-filiformis-walberla.html","Rote Segge, Roter Haarschwingel Walberla (Festuca filiformis Walberla)"
"https://www.stauden-spatzundfrank.de/rote-sterndolde-abby-road-astrantia-major-abbey-road.html","Rote Sterndolde Abby Road (Astrantia major Abbey Road)"
"https://www.stauden-spatzundfrank.de/roter-breitwegerich-rubifolia-plantago-major-rubifolia.html","Roter Breitwegerich Rubifolia (Plantago major Rubifolia)"
"https://www.stauden-spatzundfrank.de/rotmoos-mauerpfeffer-coral-carpet-sedum-album-coral-carpet.html","Rotmoos-Mauerpfeffer Coral Carpet (Sedum album Coral Carpet)"
"https://www.stauden-spatzundfrank.de/ruchgras-anthoxanthum-odoratum.html","Ruchgras (Anthoxanthum odoratum)"
"https://www.stauden-spatzundfrank.de/rundblaettrige-glockenblume-campanula-rotundifolia.html","Rundblättrige Glockenblume (Campanula rotundifolia)"
"https://www.stauden-spatzundfrank.de/rundblaettriger-steinbrech-saxifraga-rotundifolia.html","Rundblättriger Steinbrech (Saxifraga rotundifolia)"
"https://www.stauden-spatzundfrank.de/salbei-gamander-wald-gamander-teucrium-scorodonia.html","Salbei-Gamander, Wald-Gamander (Teucrium scorodonia)"
"https://www.stauden-spatzundfrank.de/sand-esparsette-onobrychis-arenarius.html","Sand - Esparsette (Onobrychis arenarius)"
"https://www.stauden-spatzundfrank.de/sand-nelke-dianthus-arenarius.html","Sand-Nelke (Dianthus arenarius)"
"https://www.stauden-spatzundfrank.de/sand-thymian-thymus-serpyllum.html","Sand-Thymian (Thymus serpyllum)"
"https://www.stauden-spatzundfrank.de/sand-thymian-coccineus-thymus-serpyllum.html","Sand-Thymian Coccineus (Thymus serpyllum)"
"https://www.stauden-spatzundfrank.de/sandkraut-helichrysum-arenarium.html","Sandkraut (Helichrysum arenarium)"
"https://www.stauden-spatzundfrank.de/schafgarben-margerite-tanacetum-macrophyllum.html","Schafgarben-Margerite (Tanacetum macrophyllum)"
"https://www.stauden-spatzundfrank.de/scharfer-mauerpfeffer-sedum-acre.html","Scharfer Mauerpfeffer (Sedum acre)"
"https://www.stauden-spatzundfrank.de/scheinzyperngras-segge-carex-pseudocyperus.html","Scheinzyperngras-Segge (Carex pseudocyperus)"
"https://www.stauden-spatzundfrank.de/scheuchzers-teufelskralle-phyteuma-scheuchzeri.html","Scheuchzers Teufelskralle (Phyteuma scheuchzeri)"
"https://www.stauden-spatzundfrank.de/schillergras-koeleria-glauca.html","Schillergras (Koeleria glauca)"
"https://www.stauden-spatzundfrank.de/schmalblaettrige-wiesen-flockenblume-centaurea-jacea-ssp-angustifolia.html","Schmalblättrige Wiesen-Flockenblume (Centaurea jacea ssp. angustifolia)"
"https://www.stauden-spatzundfrank.de/schmetterlings-und-wildbienensaum-klein.html","Schmetterlings- und Wildbienensaum klein"
"https://www.stauden-spatzundfrank.de/schnee-marbel-luzula-nivea.html","Schnee-Marbel (Luzula nivea)"
"https://www.stauden-spatzundfrank.de/schnittlauch-allium-schoenoprasum.html","Schnittlauch (Allium schoenoprasum)"
"https://www.stauden-spatzundfrank.de/schnittlauch-forescate-allium-schoenoprasum-forescate.html","Schnittlauch Forescate (Allium schoenoprasum Forescate)"
"https://www.stauden-spatzundfrank.de/schoellkraut-chelidonium-majus.html","Schöllkraut (Chelidonium majus)"
"https://www.stauden-spatzundfrank.de/schwalbenwurz-vincetoxicum-hirundinaria.html","Schwalbenwurz (Vincetoxicum hirundinaria)"
"https://www.stauden-spatzundfrank.de/schwarze-teufelskralle-phyteuma-nigrum.html","Schwarze Teufelskralle (Phyteuma nigrum)"
"https://www.stauden-spatzundfrank.de/schwarznessel-ballota-nigra.html","Schwarznessel (Ballota nigra)"
"https://www.stauden-spatzundfrank.de/schwefel-nelke-dianthus-knappii.html","Schwefel-Nelke (Dianthus knappii)"
"https://www.stauden-spatzundfrank.de/sibirische-wiesen-iris-iris-sibirica.html","Sibirische Wiesen-Iris (Iris sibirica)"
"https://www.stauden-spatzundfrank.de/sibirischer-enzian-gentiana-dahurica.html","Sibirischer-Enzian (Gentiana dahurica)"
"https://www.stauden-spatzundfrank.de/sichelklee-medicago-falcata.html","Sichelklee (Medicago falcata)"
"https://www.stauden-spatzundfrank.de/silberaehrengras-silber-raugras-stipa-calamagrostis-alt-achnatherum-calamagrostis.html","Silberährengras, Silber-Raugras (Stipa calamagrostis , alt: Achnatherum calamagrostis)"
"https://www.stauden-spatzundfrank.de/skabiosen-flockenblume-centaurea-scabiosa.html","Skabiosen-Flockenblume (Centaurea scabiosa)"
"https://www.stauden-spatzundfrank.de/staengelloser-enzian-gentiana-acaulis.html","Stängelloser-Enzian (Gentiana acaulis)"
"https://www.stauden-spatzundfrank.de/staubige-margerite-tanacetum-parthenifolium.html","Staubige Margerite (Tanacetum parthenifolium)"
"https://www.stauden-spatzundfrank.de/staudenlein-linum-perenne.html","Staudenlein (Linum perenne)"
"https://www.stauden-spatzundfrank.de/stein-nelke-dianthus-sylvestris.html","Stein-Nelke (Dianthus sylvestris)"
"https://www.stauden-spatzundfrank.de/steinklee-melilotus-officinalis.html","Steinklee (Melilotus officinalis)"
"https://www.stauden-spatzundfrank.de/steinquendel-calamintha-nepeta.html","Steinquendel (Calamintha nepeta)"
"https://www.stauden-spatzundfrank.de/steinsame-lithospermum-purpureocaerulea-buglossoides-purpureocaerulea.html","Steinsame (Lithospermum purpureocaerulea, Buglossoides purpureocaerulea)"
"https://www.stauden-spatzundfrank.de/steppen-wolfsmilch-euphorbia-seguieriana-ssp-niciciana.html","Steppen-Wolfsmilch (Euphorbia seguieriana ssp niciciana)"
"https://www.stauden-spatzundfrank.de/steppensalbei-salvia-nemorosa.html","Steppensalbei (Salvia nemorosa)"
"https://www.stauden-spatzundfrank.de/steppensalbei-adrian-salvia-nemorosa-adrian.html","Steppensalbei Adrian (Salvia nemorosa Adrian)"
"https://www.stauden-spatzundfrank.de/steppensalbei-blauhuegel-salvia-nemorosa-blauhuegel.html","Steppensalbei Blauhügel (Salvia nemorosa Blauhügel)"
"https://www.stauden-spatzundfrank.de/steppensalbei-caradonna-salvia-nemorosa-caradonna.html","Steppensalbei Caradonna (Salvia nemorosa Caradonna)"
"https://www.stauden-spatzundfrank.de/steppensalbei-eos-salvia-nemorosa-eos.html","Steppensalbei Eos (Salvia nemorosa Eos)"
"https://www.stauden-spatzundfrank.de/steppensalbei-mainacht-salvia-nemorosa-mainacht.html","Steppensalbei Mainacht (Salvia nemorosa Mainacht)"
"https://www.stauden-spatzundfrank.de/steppensalbei-ostfriesland-salvia-nemorosa-ostfriesland.html","Steppensalbei Ostfriesland (Salvia nemorosa Ostfriesland)"
"https://www.stauden-spatzundfrank.de/steppensalbei-viola-klose-salvia-nemorosa-viola-klose.html","Steppensalbei Viola Klose (Salvia nemorosa Viola Klose)"
"https://www.stauden-spatzundfrank.de/sterndolde-astrantia-major.html","Sterndolde (Astrantia major)"
"https://www.stauden-spatzundfrank.de/sternmoos-sagina-subulata.html","Sternmoos (Sagina subulata)"
"https://www.stauden-spatzundfrank.de/sternmoos-minima-sagina-subulata-minima.html","Sternmoos Minima (Sagina subulata Minima)"
"https://www.stauden-spatzundfrank.de/strand-grasnelke-armeria-maritima.html","Strand-Grasnelke (Armeria maritima)"
"https://www.stauden-spatzundfrank.de/straussbluetige-margerite-tanacetum-corymbosum-chrysanthemum-corymbosum.html","Straußblütige Margerite (Tanacetum corymbosum, Chrysanthemum corymbosum)"
"https://www.stauden-spatzundfrank.de/streifenfarn-asplenium-trichomanes.html","Streifenfarn (Asplenium trichomanes)"
"https://www.stauden-spatzundfrank.de/suedliche-skabiose-scabiosa-triandra-scabiosa-agrestis.html","Südliche Skabiose (Scabiosa triandra, Scabiosa agrestis)"
"https://www.stauden-spatzundfrank.de/sumpf-dotterblume-caltha-palustris.html","Sumpf-Dotterblume (Caltha palustris)"
"https://www.stauden-spatzundfrank.de/sumpf-gladiole-sumpf-siegwurz-gladiolus-palustris.html","Sumpf-Gladiole, Sumpf-Siegwurz (Gladiolus palustris)"
"https://www.stauden-spatzundfrank.de/sumpf-helmkraut-scutellaria-galericulata.html","Sumpf-Helmkraut (Scutellaria galericulata)"
"https://www.stauden-spatzundfrank.de/sumpf-hornklee-lotus-uliginosus-lotus-pedunculatus.html","Sumpf-Hornklee (Lotus uliginosus, Lotus pedunculatus)"
"https://www.stauden-spatzundfrank.de/sumpf-labkraut-galium-palustre.html","Sumpf-Labkraut (Galium palustre)"
"https://www.stauden-spatzundfrank.de/sumpf-schafgarbe-achillea-ptarmica.html","Sumpf-Schafgarbe (Achillea ptarmica)"
"https://www.stauden-spatzundfrank.de/sumpf-storchschnabel-geranium-palustre.html","Sumpf-Storchschnabel (Geranium palustre)"
"https://www.stauden-spatzundfrank.de/sumpfveilchen-viola-palustris.html","Sumpf-Veilchen (Viola palustris)"
"https://www.stauden-spatzundfrank.de/sumpf-vergissmeinnicht-myosotis-palustris.html","Sumpf-Vergißmeinnicht (Myosotis palustris)"
"https://www.stauden-spatzundfrank.de/suessdolde-myrrhis-odorata.html","Süßdolde (Myrrhis odorata)"
"https://www.stauden-spatzundfrank.de/tag-lichtnelke-silene-dioica-melandryum-rubrum.html","Tag-Lichtnelke (Silene dioica, Melandryum rubrum)"
"https://www.stauden-spatzundfrank.de/tauben-skabiose-scabiosa-columbaria.html","Tauben-Skabiose (Scabiosa columbaria)"
"https://www.stauden-spatzundfrank.de/tausendgueldenkraut-centaurium-erythraea.html","Tausendgüldenkraut (Centaurium erythraea)"
"https://www.stauden-spatzundfrank.de/teufelsabbiss-succisa-pratensis.html","Teufelsabbiss (Succisa pratensis)"
"https://www.stauden-spatzundfrank.de/succisa-pratensis-nana-teufelsabbiss.html","Teufelsabbiss Nana (Succisa pratensis Nana)"
"https://www.stauden-spatzundfrank.de/thueringer-strauchpappel-lavathera-thuringiaca.html","Thüringer Strauchpappel (Lavathera thuringiaca)"
"https://www.stauden-spatzundfrank.de/thymian-duftkissen-thymus-vulgaris-duftkissen.html","Thymian Duftkissen (Thymus vulgaris Duftkissen)"
"https://www.stauden-spatzundfrank.de/traubige-graslilie-aehrige-graslilie-anthericum-liliago.html","Traubige Graslilie, Ährige Graslilie (Anthericum liliago)"
"https://www.stauden-spatzundfrank.de/trichterfarn-matteucia-struthiopteris.html","Trichterfarn (Matteucia struthiopteris)"
"https://www.stauden-spatzundfrank.de/tripmadam-sedum-reflexum.html","Tripmadam (Sedum reflexum)"
"https://www.stauden-spatzundfrank.de/trollblume-trollius-europaeus.html","Trollblume (Trollius europaeus)"
"https://www.stauden-spatzundfrank.de/tuepfel-johanniskraut-hypericum-perforatum.html","Tüpfel-Johanniskraut (Hypericum perforatum)"
"https://www.stauden-spatzundfrank.de/tuepfelfarn-polypodium-vulgare.html","Tüpfelfarn (Polypodium vulgare)"
"https://www.stauden-spatzundfrank.de/ungarische-witwenblume-knautia-drymeia.html","Ungarische Witwenblume (Knautia drymeia)"
"https://www.stauden-spatzundfrank.de/vielbluetiger-salomonsiegel-polygonatum-multiflorum.html","Vielblütiger Salomonsiegel (Polygonatum multiflorum)"
"https://www.stauden-spatzundfrank.de/vogelwicke-vicia-cracca.html","Vogelwicke (Vicia cracca)"
"https://www.stauden-spatzundfrank.de/wald-storchschnabel-geranium-sylvaticum.html","Wald Storchschnabel (Geranium sylvaticum)"
"https://www.stauden-spatzundfrank.de/wald-anemone-grosses-windroeschen-anemone-sylvestris.html","Wald-Anemone, Großes Windröschen (Anemone sylvestris)"
"https://www.stauden-spatzundfrank.de/wald-bergminze-calamintha-sylvatica-calamintha-menthifolia.html","Wald-Bergminze (Calamintha sylvatica, Calamintha menthifolia)"
"https://www.stauden-spatzundfrank.de/wald-engelwurz-angelica-sylvestris.html","Wald-Engelwurz (Angelica sylvestris)"
"https://www.stauden-spatzundfrank.de/wald-erdbeere-fragaria-vesca.html","Wald-Erdbeere (Fragaria vesca)"
"https://www.stauden-spatzundfrank.de/wald-glockenblume-campanula-latifolia.html","Wald-Glockenblume (Campanula latifolia)"
"https://www.stauden-spatzundfrank.de/wald-glockenblume-alba-campanula-latifolia-var-macrantha-alba.html","Wald-Glockenblume Alba (Campanula latifolia var. macrantha Alba )"
"https://www.stauden-spatzundfrank.de/wald-habichtskraut-hieracium-sylvaticum.html","Wald-Habichtskraut (Hieracium sylvaticum)"
"https://www.stauden-spatzundfrank.de/wald-platterbse-lathyrus-sylvestris.html","Wald-Platterbse (Lathyrus sylvestris)"
"https://www.stauden-spatzundfrank.de/wald-sauerklee-oxalis-acetosella.html","Wald-Sauerklee (Oxalis acetosella)"
"https://www.stauden-spatzundfrank.de/wald-segge-carex-sylvatica.html","Wald-Segge (Carex sylvatica)"
"https://www.stauden-spatzundfrank.de/wald-vergissmeinnicht-myosotis-sylvatica.html","Wald-Vergißmeinnicht (Myosotis sylvatica)"
"https://www.stauden-spatzundfrank.de/wald-witwenblume-knautia-dipsacifolia-sylvatica.html","Wald-Witwenblume (Knautia dipsacifolia, sylvatica)"
"https://www.stauden-spatzundfrank.de/wald-ziest-stachys-sylvatica.html","Wald-Ziest (Stachys sylvatica)"
"https://www.stauden-spatzundfrank.de/waldgeissbart-aruncus-dioicus-aruncus-sylvester.html","Waldgeißbart (Aruncus dioicus, Aruncus sylvester)"
"https://www.stauden-spatzundfrank.de/waldgeissbart-horatio-aruncus-hybride-horatio.html","Waldgeißbart Horatio (Aruncus Hybride Horatio)"
"https://www.stauden-spatzundfrank.de/waldgeissbart-johannifest-aruncus-hybride-johannifest.html","Waldgeißbart Johannifest (Aruncus Hybride Johannifest)"
"https://www.stauden-spatzundfrank.de/waldgeissbart-misty-lace-aruncus-hybride-misty-lace.html","Waldgeißbart Misty Lace (Aruncus Hybride Misty Lace)"
"https://www.stauden-spatzundfrank.de/waldgeissbart-woldemar-meyer-aruncus-hybride-woldemar-meyer.html","Waldgeißbart Woldemar Meyer (Aruncus Hybride Woldemar Meyer)"
"https://www.stauden-spatzundfrank.de/waldmeister-galium-odoratum.html","Waldmeister (Galium odoratum)"
"https://www.stauden-spatzundfrank.de/wasserdost-kunigundenkraut-eupatorium-cannabinum.html","Wasserdost, Kunigundenkraut (Eupatorium cannabinum)"
"https://www.stauden-spatzundfrank.de/wechselblaettriges-milzkraut-chrysosplenium-alternifolium.html","Wechselblättriges Milzkraut (Chrysosplenium alternifolium)"
"https://www.stauden-spatzundfrank.de/wegwarte-cichorium-intybus.html","Wegwarte (Cichorium intybus)"
"https://www.stauden-spatzundfrank.de/weidenblaettriger-alant-inula-salicina.html","Weidenblättriger Alant (Inula salicina)"
"https://www.stauden-spatzundfrank.de/weinberg-iris-iris-germanica-ssp-spectabilis.html","Weinberg-Iris (Iris germanica ssp. spectabilis)"
"https://www.stauden-spatzundfrank.de/weisse-braunelle-prunella-grandiflora-alba.html","Weiße Braunelle (Prunella grandiflora Alba)"
"https://www.stauden-spatzundfrank.de/weisse-jakobsleiter-polemonium-caeruleum-album.html","Weiße Jakobsleiter (Polemonium caeruleum Album)"
"https://www.stauden-spatzundfrank.de/weisse-lichtnelke-silene-latifolia-ssp-alba.html","Weiße Lichtnelke (Silene latifolia ssp. alba)"
"https://www.stauden-spatzundfrank.de/weisse-moschus-malve-alba-malva-moschata-alba.html","Weiße Moschus-Malve Alba (Malva moschata Alba)"
"https://www.stauden-spatzundfrank.de/weisse-rundblaettrige-glockenblume-white-gem-campanula-rotundifolia-white-gem.html","Weiße Rundblättrige Glockenblume White Gem (Campanula rotundifolia White Gem)"
"https://www.stauden-spatzundfrank.de/weisse-sterndolde-shaggy-margery-fish-astrantia-major-shaggy-margery-fish.html","Weiße Sterndolde Shaggy, Margery Fish (Astrantia major Shaggy, Margery Fish)"
"https://www.stauden-spatzundfrank.de/weisse-taubnessel-lamium-album.html","Weiße Taubnessel (Lamium album)"
"https://www.stauden-spatzundfrank.de/weisser-mauerpfeffer-sedum-album.html","Weißer Mauerpfeffer (Sedum album)"
"https://www.stauden-spatzundfrank.de/weisser-sand-thymian-album-thymus-serpyllum.html","Weißer Sand-Thymian Album (Thymus serpyllum)"
"https://www.stauden-spatzundfrank.de/weisser-schnitt-lauch-elbe-allium-schoenoprasum-elbe.html","Weißer Schnittlauch Elbe (Allium schoenoprasum Elbe)"
"https://www.stauden-spatzundfrank.de/weisser-staudenlein-linum-perenne-nanum-album-diamant.html","Weißer Staudenlein (Linum perenne Nanum Album Diamant)"
"https://www.stauden-spatzundfrank.de/weisser-steinklee-melilotus-albus.html","Weißer Steinklee (Melilotus albus)"
"https://www.stauden-spatzundfrank.de/weisses-weidenroeschen-album-epilobium-angustifolium-album.html","Weißes Weidenröschen Album (Epilobium angustifolium Album)"
"https://www.stauden-spatzundfrank.de/weisses-labkraut-galium-album.html","Weißes-Labkraut (Galium album)"
"https://www.stauden-spatzundfrank.de/wermut-artemisia-absinthium.html","Wermut (Artemisia absinthium)"
"https://www.stauden-spatzundfrank.de/wiesen-baerenklau-heracleum-sphondylium.html","Wiesen-Bärenklau (Heracleum sphondylium)"
"https://www.stauden-spatzundfrank.de/wiesen-bocksbart-tragopogon-pratense.html","Wiesen-Bocksbart (Tragopogon pratense)"
"https://www.stauden-spatzundfrank.de/wiesen-ehrenpreis-blauriesin-veronica-longifolia-blauriesin-neu-pseudolysimachion-longifolium-blauriesin.html","Wiesen-Ehrenpreis Blauriesin (Veronica longifolia Blauriesin, neu: Pseudolysimachion longifolium Blauriesin)"
"https://www.stauden-spatzundfrank.de/wiesen-ehrenpreis-first-love-veronica-longifolia-first-love-neu-pseudolysimachion-longifolium-first-love.html","Wiesen-Ehrenpreis First Love (Veronica longifolia First Love, neu: Pseudolysimachion longifolium First Love)"
"https://www.stauden-spatzundfrank.de/wiesen-ehrenpreis-blauweiderich-veronica-longifolia-neu-pseudolysimachion-longifolium.html","Wiesen-Ehrenpreis, Blauweiderich (Veronica longifolia, neu: Pseudolysimachion longifolium)"
"https://www.stauden-spatzundfrank.de/wiesen-flockenblume-centaurea-jacea.html","Wiesen-Flockenblume (Centaurea jacea)"
"https://www.stauden-spatzundfrank.de/wiesen-glockenblume-campanula-patula.html","Wiesen-Glockenblume (Campanula patula)"
"https://www.stauden-spatzundfrank.de/wiesen-kerbel-anthriscus-sylvestris.html","Wiesen-Kerbel (Anthriscus sylvestris)"
"https://www.stauden-spatzundfrank.de/wiesen-labkraut-galium-mollugo.html","Wiesen-Labkraut (Galium mollugo)"
"https://www.stauden-spatzundfrank.de/wiesen-pippau-crepis-biennis.html","Wiesen-Pippau (Crepis biennis)"
"https://www.stauden-spatzundfrank.de/wiesen-platterbse-lathyrus-pratensis.html","Wiesen-Platterbse (Lathyrus pratensis)"
"https://www.stauden-spatzundfrank.de/wiesen-sauerampfer-rumex-acetosa.html","Wiesen-Sauerampfer (Rumex acetosa)"
"https://www.stauden-spatzundfrank.de/wiesen-schafgarbe-achillea-millefolium.html","Wiesen-Schafgarbe ( Achillea millefolium)"
"https://www.stauden-spatzundfrank.de/wiesen-schaumkraut-cardamine-pratensis.html","Wiesen-Schaumkraut (Cardamine pratensis)"
"https://www.stauden-spatzundfrank.de/wiesen-storchschnabel-geranium-pratense.html","Wiesen-Storchschnabel (Geranium pratense)"
"https://www.stauden-spatzundfrank.de/wiesen-witwenblume-knautia-arvensis.html","Wiesen-Witwenblume (Knautia arvensis)"
"https://www.stauden-spatzundfrank.de/wiesensalbei-salvia-pratensis.html","Wiesensalbei (Salvia pratensis)"
"https://www.stauden-spatzundfrank.de/wiesensalbei-rose-rhapsody-salvia-pratensis-rose-rhapsody.html","Wiesensalbei Rose Rhapsody (Salvia pratensis Rose Rhapsody)"
"https://www.stauden-spatzundfrank.de/wiesensalbei-skydance-salvia-pratensis-skydance.html","Wiesensalbei Skydance (Salvia pratensis Skydance)"
"https://www.stauden-spatzundfrank.de/wiesensalbei-swan-lake-salvia-pratensis-swan-lake.html","Wiesensalbei Swan Lake (Salvia pratensis Swan Lake)"
"https://www.stauden-spatzundfrank.de/wiesensalbei-weiss-blau-salvia-pratensis-weiss-blau.html","Wiesensalbei Weiß-Blau (Salvia pratensis Weiß-Blau)"
"https://www.stauden-spatzundfrank.de/wilde-karde-dipsacus-fullonum-dipsacus-sylvestris.html","Wilde Karde (Dipsacus fullonum, Dipsacus sylvestris)"
"https://www.stauden-spatzundfrank.de/wilde-moehre-daucus-carota.html","Wilde Möhre (Daucus carota)"
"https://www.stauden-spatzundfrank.de/wilde-rauke-rukola-diplotaxis-tenuifolia.html","Wilde Rauke, Rukola (Diplotaxis tenuifolia)"
"https://www.stauden-spatzundfrank.de/wilder-majoran-echter-dost-origanum-vulgare.html","Wilder Majoran, Echter Dost (Origanum vulgare)"
"https://www.stauden-spatzundfrank.de/wildes-stiefmuetterchen-viola-tricolor.html","Wildes Stiefmütterchen (Viola tricolor)"
"https://www.stauden-spatzundfrank.de/wimper-perlgras-melica-ciliata.html","Wimper-Perlgras (Melica ciliata)"
"https://www.stauden-spatzundfrank.de/wohlriechende-eberraute-artemisia-procera.html","Wohlriechende Eberraute (Artemisia procera)"
"https://www.stauden-spatzundfrank.de/wohlriechender-odermennig-agrimonia-procera.html","Wohlriechender Odermennig (Agrimonia procera)"
"https://www.stauden-spatzundfrank.de/wolfs-eisenhut-aconitum-lycoctonum-ssp-vulparia.html","Wolfs-Eisenhut (Aconitum lycoctonum ssp. vulparia)"
"https://www.stauden-spatzundfrank.de/wolliger-teppich-thymian-thymus-praecox-var-pseudolanuginosus-neu-thymus-praecox-ssp-britannicus.html","Wolliger Teppich-Thymian (Thymus praecox var. pseudolanuginosus, neu: Thymus praecox ssp. britannicus )"
"https://www.stauden-spatzundfrank.de/wollkoepfige-kratzdistel-cirsium-eriophorum.html","Wollköpfige Kratzdistel (Cirsium eriophorum)"
"https://www.stauden-spatzundfrank.de/wurmfarn-dryopteris-filix-mas.html","Wurmfarn (Dryopteris filix-mas)"
"https://www.stauden-spatzundfrank.de/ysop-hyssopus-officinalis.html","Ysop (Hyssopus officinalis)"
"https://www.stauden-spatzundfrank.de/ysop-rosea-hyssopus-officinalis-rosea.html","Ysop Rosea (Hyssopus officinalis Rosea)"
"https://www.stauden-spatzundfrank.de/ysopblaettriger-bergtee-gliedkraut-sideritis-hyssopifolia.html","Ysopblättriger Bergtee, Gliedkraut (Sideritis hyssopifolia)"
"https://www.stauden-spatzundfrank.de/zaunwicke-vicia-sepium.html","Zaunwicke (Vicia sepium)"
"https://www.stauden-spatzundfrank.de/zimbelkraut-cymbalaria-muralis.html","Zimbelkraut (Cymbalaria muralis)"
"https://www.stauden-spatzundfrank.de/zitronen-katzenminze-nepeta-cataria-ssp-citriodora.html","Zitronen - Katzenminze (Nepeta cataria ssp. citriodora)"
"https://www.stauden-spatzundfrank.de/zitronen-berg-bohnenkraut-satureja-montana-var-citriodora.html","Zitronen-Berg-Bohnenkraut (Satureja montana var. citriodora)"
"https://www.stauden-spatzundfrank.de/Zitronen-Eberraute--Artemisia-abrotanum-Citrina-.html","Zitronen-Eberraute (Artemisia abrotanum Citrina)"
"https://www.stauden-spatzundfrank.de/zitronen-kuemmel-thymian-thymus-herba-barona-var-citriodora.html","Zitronen-Kümmel-Thymian (Thymus herba-barona var. citriodora)"
"https://www.stauden-spatzundfrank.de/zitronen-melisse-melissa-officinalis.html","Zitronen-Melisse (Melissa officinalis)"
"https://www.stauden-spatzundfrank.de/zittergras-briza-media.html","Zittergras (Briza media)"
"https://www.stauden-spatzundfrank.de/zittergras-zitterzebra-briza-media-zitterzebra.html","Zittergras Zitterzebra (Briza media Zitterzebra)"
"https://www.stauden-spatzundfrank.de/zwerg-alant-inula-ensifolia.html","Zwerg-Alant (Inula ensifolia)"
"https://www.stauden-spatzundfrank.de/zwerg-berg-bohnenkraut-satureja-montana-ssp-illyrica-satureja-subspicata.html","Zwerg-Berg-Bohnenkraut (Satureja montana ssp. illyrica, Satureja subspicata)"
"https://www.stauden-spatzundfrank.de/zwerg-glockenblume-campanula-cochlearifolia.html","Zwerg-Glockenblume (Campanula cochlearifolia)"
"https://www.stauden-spatzundfrank.de/zwerg-glockenblume-alba-campanula-cochlearifolia-alba.html","Zwerg-Glockenblume Alba (Campanula cochlearifolia Alba)"
"https://www.stauden-spatzundfrank.de/zwerg-glockenblume-seeshaupt-campanula-cochlearifolia-seeshaupt.html","Zwerg-Glockenblume Seeshaupt (Campanula cochlearifolia Seeshaupt)"
"https://www.stauden-spatzundfrank.de/zwerg-goldrute-solidago-virgaurea-var-minutissima.html","Zwerg-Goldrute (Solidago virgaurea var. minutissima)"
"https://www.stauden-spatzundfrank.de/zwerg-leimkraut-silene-acaulis.html","Zwerg-Leimkraut (Silene acaulis)"
"https://www.stauden-spatzundfrank.de/zwerg-leimkraut-alba-silene-acaulis-alba.html","Zwerg-Leimkraut Alba (Silene acaulis Alba)"
"https://www.stauden-spatzundfrank.de/zwerg-ranunkel-brazen-hussy-ranunculus-ficaria-brazen-hussy.html","Zwerg-Ranunkel Brazen Hussy, (Ranunculus ficaria Brazen Hussy)"
"https://www.stauden-spatzundfrank.de/zwerg-ranunkel-collarette-ranunculus-ficaria-collarette.html","Zwerg-Ranunkel Collarette (Ranunculus ficaria Collarette)"
"https://www.stauden-spatzundfrank.de/zwerg-ranunkel-double-bronze-ranunculus-ficaria-double-bronze.html","Zwerg-Ranunkel Double Bronze (Ranunculus ficaria Double Bronze)"
"https://www.stauden-spatzundfrank.de/zypressen-wolfsmilch-euphorbia-cyparissias.html","Zypressen-Wolfsmilch (Euphorbia cyparissias)"
