"Species","Producer","URL"
"Abies alba","Staudengärtnerei StaudenSpatz",NA
"Acer campestre","Staudengärtnerei StaudenSpatz",NA
"Acer monspessulanum","Staudengärtnerei StaudenSpatz",NA
"Acer opalus","Staudengärtnerei StaudenSpatz",NA
"Achillea macrophylla","Staudengärtnerei StaudenSpatz",NA
"Achillea nobilis","Staudengärtnerei StaudenSpatz","https://www.stauden-spatzundfrank.de/edle-schafgarbe-duft-scharfgarbe-achillea-nobilis.html"
"Achillea ptarmica","Staudengärtnerei StaudenSpatz","https://www.stauden-spatzundfrank.de/sumpf-schafgarbe-achillea-ptarmica.html"
"Achillea salicifolia","Staudengärtnerei StaudenSpatz",NA
"Acinos arvensis","Staudengärtnerei StaudenSpatz",NA
"Aconitum lycoctonum","Staudengärtnerei StaudenSpatz","https://www.stauden-spatzundfrank.de/wolfs-eisenhut-aconitum-lycoctonum-ssp-vulparia.html"
"Aconitum napellus","Staudengärtnerei StaudenSpatz","https://www.stauden-spatzundfrank.de/berg-eisenhut-aconitum-napellus.html"
"Aconitum napellus","Staudengärtnerei StaudenSpatz","https://www.stauden-spatzundfrank.de/berg-eisenhut-schneewittchen-aconitum-napellus-schneewittchen.html"
"Aconitum variegatum","Staudengärtnerei StaudenSpatz",NA
"Actaea spicata","Staudengärtnerei StaudenSpatz",NA
"Adenophora liliifolia","Staudengärtnerei StaudenSpatz",NA
"Adonis aestivalis","Staudengärtnerei StaudenSpatz",NA
"Adonis vernalis","Staudengärtnerei StaudenSpatz",NA
"Aethusa cynapium","Staudengärtnerei StaudenSpatz",NA
"Agrimonia eupatoria","Staudengärtnerei StaudenSpatz","https://www.stauden-spatzundfrank.de/odermennig-agrimonia-eupatoria.html"
"Agrimonia procera","Staudengärtnerei StaudenSpatz","https://www.stauden-spatzundfrank.de/wohlriechender-odermennig-agrimonia-procera.html"
"Agrostemma githago","Staudengärtnerei StaudenSpatz",NA
"Agrostis vinealis","Staudengärtnerei StaudenSpatz",NA
"Ajuga chamaepitys","Staudengärtnerei StaudenSpatz",NA
"Ajuga genevensis","Staudengärtnerei StaudenSpatz","https://www.stauden-spatzundfrank.de/genfer-guensel-ajuga-genevensis.html"
"Ajuga reptans","Staudengärtnerei StaudenSpatz","https://www.stauden-spatzundfrank.de/kriechender-guensel-ajuga-reptans.html"
"Ajuga reptans","Staudengärtnerei StaudenSpatz","https://www.stauden-spatzundfrank.de/kriechender-guensel-catlins-giant-ajuga-reptans-catlins-giant.html"
"Alchemilla alpina","Staudengärtnerei StaudenSpatz",NA
"Alchemilla hoppeana","Staudengärtnerei StaudenSpatz","https://www.stauden-spatzundfrank.de/hoppes-frauenmantel-alchemilla-hoppeana.html"
"Alchemilla vulgaris","Staudengärtnerei StaudenSpatz",NA
"Alchemilla xanthochlora","Staudengärtnerei StaudenSpatz","https://www.stauden-spatzundfrank.de/gewoehnlicher-frauenmantel-alchemilla-xanthochlora.html"
"Alisma lanceolatum","Staudengärtnerei StaudenSpatz",NA
"Alisma plantago-aquatica","Staudengärtnerei StaudenSpatz",NA
"Allium angulosum","Staudengärtnerei StaudenSpatz","https://www.stauden-spatzundfrank.de/kanten-lauch-allium-angulosum.html"
"Allium carinatum","Staudengärtnerei StaudenSpatz","https://www.stauden-spatzundfrank.de/nickender-schoenlauch-allium-carinatum-ssp-pulchellum.html"
"Allium lusitanicum","Staudengärtnerei StaudenSpatz",NA
"Allium rotundum","Staudengärtnerei StaudenSpatz",NA
"Allium schoenoprasum","Staudengärtnerei StaudenSpatz","https://www.stauden-spatzundfrank.de/schnittlauch-allium-schoenoprasum.html"
"Allium schoenoprasum","Staudengärtnerei StaudenSpatz","https://www.stauden-spatzundfrank.de/schnittlauch-forescate-allium-schoenoprasum-forescate.html"
"Allium schoenoprasum","Staudengärtnerei StaudenSpatz","https://www.stauden-spatzundfrank.de/weisser-schnitt-lauch-elbe-allium-schoenoprasum-elbe.html"
"Allium sphaerocephalon","Staudengärtnerei StaudenSpatz","https://www.stauden-spatzundfrank.de/kugelkoepfiger-lauch-allium-sphaerocephalon.html"
"Allium strictum","Staudengärtnerei StaudenSpatz",NA
"Allium suaveolens","Staudengärtnerei StaudenSpatz",NA
"Allium ursinum","Staudengärtnerei StaudenSpatz","https://www.stauden-spatzundfrank.de/baer-lauch-allium-ursinum.html"
"Allium vineale","Staudengärtnerei StaudenSpatz",NA
"Alnus alnobetula","Staudengärtnerei StaudenSpatz",NA
"Althaea officinalis","Staudengärtnerei StaudenSpatz","https://www.stauden-spatzundfrank.de/echter-eibisch-samtpappel-althaea-officinalis.html"
"Alyssum alyssoides","Staudengärtnerei StaudenSpatz",NA
"Alyssum montanum","Staudengärtnerei StaudenSpatz","https://www.stauden-spatzundfrank.de/berg-steinkraut-alyssum-montanum-berggold.html"
"Ambrosia artemisiifolia","Staudengärtnerei StaudenSpatz",NA
"Amelanchier ovalis","Staudengärtnerei StaudenSpatz",NA
"Ammophila arenaria","Staudengärtnerei StaudenSpatz",NA
"Anagallis arvensis","Staudengärtnerei StaudenSpatz",NA
"Anagallis tenella","Staudengärtnerei StaudenSpatz",NA
"Anarrhinum bellidifolium","Staudengärtnerei StaudenSpatz",NA
"Anchusa arvensis","Staudengärtnerei StaudenSpatz",NA
"Anchusa officinalis","Staudengärtnerei StaudenSpatz","https://www.stauden-spatzundfrank.de/ochsenzunge-anchusa-officinalis.html"
"Andromeda polifolia","Staudengärtnerei StaudenSpatz",NA
"Anemone narcissiflora","Staudengärtnerei StaudenSpatz",NA
"Anemone nemorosa","Staudengärtnerei StaudenSpatz","https://www.stauden-spatzundfrank.de/buschwindroeschen-allenii-anemone-nemorosa-allenii.html"
"Anemone nemorosa","Staudengärtnerei StaudenSpatz","https://www.stauden-spatzundfrank.de/buschwindroeschen-blue-eyes-anemone-nemorosa-blue-eyes.html"
"Anemone nemorosa","Staudengärtnerei StaudenSpatz","https://www.stauden-spatzundfrank.de/buschwindroeschen-bowles-purple-anemone-nemorosa-bowles-purple.html"
"Anemone nemorosa","Staudengärtnerei StaudenSpatz","https://www.stauden-spatzundfrank.de/buschwindroeschen-deisterglut-anemone-nemorosa-deisterglut.html"
"Anemone nemorosa","Staudengärtnerei StaudenSpatz","https://www.stauden-spatzundfrank.de/buschwindroeschen-parlez-vous-anemone-nemorosa-parlez-vous.html"
"Anemone nemorosa","Staudengärtnerei StaudenSpatz","https://www.stauden-spatzundfrank.de/buschwindroeschen-rosea-anemone-nemorosa-rosea.html"
"Anemone ranunculoides","Staudengärtnerei StaudenSpatz","https://www.stauden-spatzundfrank.de/gelbes-windroeschen-anemone-ranunculoides.html"
"Anemone sylvestris","Staudengärtnerei StaudenSpatz","https://www.stauden-spatzundfrank.de/wald-anemone-grosses-windroeschen-anemone-sylvestris.html"
"Angelica archangelica","Staudengärtnerei StaudenSpatz","https://www.stauden-spatzundfrank.de/engelwurz-angelica-archangelica.html"
"Angelica palustris","Staudengärtnerei StaudenSpatz",NA
"Angelica sylvestris","Staudengärtnerei StaudenSpatz","https://www.stauden-spatzundfrank.de/purpur-engelwurz-vicars-mead-angelica-sylvestris-vicars-mead.html"
"Angelica sylvestris","Staudengärtnerei StaudenSpatz","https://www.stauden-spatzundfrank.de/wald-engelwurz-angelica-sylvestris.html"
"Antennaria dioica","Staudengärtnerei StaudenSpatz","https://www.stauden-spatzundfrank.de/katzenpfoetchen-antennaria-dioica.html"
"Antennaria dioica","Staudengärtnerei StaudenSpatz","https://www.stauden-spatzundfrank.de/katzenpfoetchen-grillfeuer-antennaria-dioica-grillfeuer.html"
"Antennaria dioica","Staudengärtnerei StaudenSpatz","https://www.stauden-spatzundfrank.de/katzenpfoetchen-rotes-wunder-antennaria-dioica-rotes-wunder.html"
"Anthemis arvensis","Staudengärtnerei StaudenSpatz",NA
"Anthemis austriaca","Staudengärtnerei StaudenSpatz",NA
"Anthemis tinctoria","Staudengärtnerei StaudenSpatz","https://www.stauden-spatzundfrank.de/faerberkamille-anthemis-tinctoria.html"
"Anthemis tinctoria","Staudengärtnerei StaudenSpatz","https://www.stauden-spatzundfrank.de/faerberkamille-e-c-buxton-anthemis-tinctoria-e-c-buxton.html"
"Anthericum liliago","Staudengärtnerei StaudenSpatz","https://www.stauden-spatzundfrank.de/traubige-graslilie-aehrige-graslilie-anthericum-liliago.html"
"Anthericum ramosum","Staudengärtnerei StaudenSpatz","https://www.stauden-spatzundfrank.de/aestige-graslilie-anthericum-ramosum.html"
"Anthoxanthum odoratum","Staudengärtnerei StaudenSpatz","https://www.stauden-spatzundfrank.de/ruchgras-anthoxanthum-odoratum.html"
"Anthriscus cerefolium","Staudengärtnerei StaudenSpatz",NA
"Anthyllis vulneraria","Staudengärtnerei StaudenSpatz","https://www.stauden-spatzundfrank.de/gewoehnlicher-wundklee-anthyllis-vulneraria.html"
"Anthyllis vulneraria","Staudengärtnerei StaudenSpatz","https://www.stauden-spatzundfrank.de/orangeroter-wundklee-anthyllis-vulneraria-ssp-coccinea.html"
"Antirrhinum orontium","Staudengärtnerei StaudenSpatz",NA
"Apium graveolens","Staudengärtnerei StaudenSpatz",NA
"Apium nodiflorum","Staudengärtnerei StaudenSpatz",NA
"Aquilegia atrata","Staudengärtnerei StaudenSpatz","https://www.stauden-spatzundfrank.de/dunkle-akelei-aquilegia-atrata.html"
"Aquilegia vulgaris","Staudengärtnerei StaudenSpatz","https://www.stauden-spatzundfrank.de/gewoehnliche-akelei-aquilegia-vulgaris.html"
"Aquilegia vulgaris","Staudengärtnerei StaudenSpatz","https://www.stauden-spatzundfrank.de/gewoehnliche-akelei-aquilegia-vulgaris-alba.html"
"Arabis alpina","Staudengärtnerei StaudenSpatz",NA
"Arabis hirsuta","Staudengärtnerei StaudenSpatz",NA
"Arctium tomentosum","Staudengärtnerei StaudenSpatz",NA
"Arctostaphylos uva-ursi","Staudengärtnerei StaudenSpatz",NA
"Armeria arenaria","Staudengärtnerei StaudenSpatz",NA
"Armeria maritima","Staudengärtnerei StaudenSpatz","https://www.stauden-spatzundfrank.de/strand-grasnelke-armeria-maritima.html"
"Arnica montana","Staudengärtnerei StaudenSpatz",NA
"Artemisia absinthium","Staudengärtnerei StaudenSpatz","https://www.stauden-spatzundfrank.de/wermut-artemisia-absinthium.html"
"Artemisia austriaca","Staudengärtnerei StaudenSpatz",NA
"Artemisia campestris","Staudengärtnerei StaudenSpatz",NA
"Artemisia maritima","Staudengärtnerei StaudenSpatz",NA
"Artemisia pontica","Staudengärtnerei StaudenSpatz",NA
"Artemisia scoparia","Staudengärtnerei StaudenSpatz",NA
"Artemisia verlotiorum","Staudengärtnerei StaudenSpatz",NA
"Arum maculatum","Staudengärtnerei StaudenSpatz",NA
"Aruncus dioicus","Staudengärtnerei StaudenSpatz",NA
"Asarum europaeum","Staudengärtnerei StaudenSpatz","https://www.stauden-spatzundfrank.de/gewoehnliche-haselwurz-asarum-europaeum.html"
"Asclepias syriaca","Staudengärtnerei StaudenSpatz",NA
"Asperula cynanchica","Staudengärtnerei StaudenSpatz","https://www.stauden-spatzundfrank.de/huegelmeister-huegelmeier-asperula-cynanchica.html"
"Asperula tinctoria","Staudengärtnerei StaudenSpatz","https://www.stauden-spatzundfrank.de/faerber-meister-faerber-meier-asperula-tinctoria.html"
"Asplenium ruta-muraria","Staudengärtnerei StaudenSpatz",NA
"Asplenium scolopendrium","Staudengärtnerei StaudenSpatz",NA
"Asplenium trichomanes","Staudengärtnerei StaudenSpatz","https://www.stauden-spatzundfrank.de/streifenfarn-asplenium-trichomanes.html"
"Aster alpinus","Staudengärtnerei StaudenSpatz","https://www.stauden-spatzundfrank.de/alpen-aster-aster-alpinus.html"
"Aster alpinus","Staudengärtnerei StaudenSpatz","https://www.stauden-spatzundfrank.de/alpen-aster-albus-aster-alpinus-albus.html"
"Aster alpinus","Staudengärtnerei StaudenSpatz","https://www.stauden-spatzundfrank.de/alpen-aster-albus-plenus-aster-alpinus-albus-plenus.html"
"Aster alpinus","Staudengärtnerei StaudenSpatz","https://www.stauden-spatzundfrank.de/alpen-aster-dunkle-schoene-aster-alpinus-dunkle-schoene.html"
"Aster alpinus","Staudengärtnerei StaudenSpatz","https://www.stauden-spatzundfrank.de/alpen-aster-pinkie-aster-alpinus-pinkie.html"
"Aster alpinus","Staudengärtnerei StaudenSpatz","https://www.stauden-spatzundfrank.de/alpen-aster-sabine-aster-alpinus-sabine.html"
"Aster amellus","Staudengärtnerei StaudenSpatz","https://www.stauden-spatzundfrank.de/berg-aster-dr-otto-petschek-aster-amellus-dr-otto-petschek.html"
"Aster amellus","Staudengärtnerei StaudenSpatz","https://www.stauden-spatzundfrank.de/berg-aster-lady-hindlip-aster-amellus-lady-hindlip.html"
"Aster amellus","Staudengärtnerei StaudenSpatz","https://www.stauden-spatzundfrank.de/berg-aster-rosa-erfuellung-aster-amellus-rosa-erfuellung.html"
"Aster amellus","Staudengärtnerei StaudenSpatz","https://www.stauden-spatzundfrank.de/berg-aster-sternkugel-aster-amellus-sternkugel.html"
"Aster amellus","Staudengärtnerei StaudenSpatz","https://www.stauden-spatzundfrank.de/berg-aster-veilchenkoenigin-aster-amellus-veilchenkoenigin.html"
"Aster amellus","Staudengärtnerei StaudenSpatz","https://www.stauden-spatzundfrank.de/berg-aster-kalk-aster-aster-amellus.html"
"Aster bellidiastrum","Staudengärtnerei StaudenSpatz",NA
"Aster linosyris","Staudengärtnerei StaudenSpatz","https://www.stauden-spatzundfrank.de/goldhaar-aster-aster-linosyris.html"
"Aster macrophyllus","Staudengärtnerei StaudenSpatz",NA
"Astragalus alpinus","Staudengärtnerei StaudenSpatz",NA
"Astragalus cicer","Staudengärtnerei StaudenSpatz",NA
"Astragalus glycyphyllos","Staudengärtnerei StaudenSpatz","https://www.stauden-spatzundfrank.de/baerenschote-suesser-tragant-astragalus-glycyphyllos.html"
"Astrantia bavarica","Staudengärtnerei StaudenSpatz",NA
"Astrantia major","Staudengärtnerei StaudenSpatz","https://www.stauden-spatzundfrank.de/rote-sterndolde-abby-road-astrantia-major-abbey-road.html"
"Astrantia major","Staudengärtnerei StaudenSpatz","https://www.stauden-spatzundfrank.de/sterndolde-astrantia-major.html"
"Astrantia major","Staudengärtnerei StaudenSpatz","https://www.stauden-spatzundfrank.de/weisse-sterndolde-shaggy-margery-fish-astrantia-major-shaggy-margery-fish.html"
"Athamanta cretensis","Staudengärtnerei StaudenSpatz",NA
"Atriplex calotheca","Staudengärtnerei StaudenSpatz",NA
"Azolla filiculoides","Staudengärtnerei StaudenSpatz",NA
"Baldellia ranunculoides","Staudengärtnerei StaudenSpatz",NA
"Ballota nigra","Staudengärtnerei StaudenSpatz","https://www.stauden-spatzundfrank.de/schwarznessel-ballota-nigra.html"
"Barbarea stricta","Staudengärtnerei StaudenSpatz",NA
"Barbarea vulgaris","Staudengärtnerei StaudenSpatz","https://www.stauden-spatzundfrank.de/barbarakraut-barbarea-vulgaris.html"
"Bartsia alpina","Staudengärtnerei StaudenSpatz",NA
"Berberis vulgaris","Staudengärtnerei StaudenSpatz",NA
"Berteroa incana","Staudengärtnerei StaudenSpatz",NA
"Berula erecta","Staudengärtnerei StaudenSpatz",NA
"Betula humilis","Staudengärtnerei StaudenSpatz",NA
"Betula nana","Staudengärtnerei StaudenSpatz",NA
"Betula pubescens","Staudengärtnerei StaudenSpatz",NA
"Bidens tripartita","Staudengärtnerei StaudenSpatz",NA
"Biscutella laevigata","Staudengärtnerei StaudenSpatz",NA
"Bistorta officinalis","Staudengärtnerei StaudenSpatz",NA
"Blechnum spicant","Staudengärtnerei StaudenSpatz","https://www.stauden-spatzundfrank.de/rippenfarn-blechnum-spicant.html"
"Bolboschoenus maritimus","Staudengärtnerei StaudenSpatz",NA
"Brachypodium pinnatum","Staudengärtnerei StaudenSpatz",NA
"Brachypodium sylvaticum","Staudengärtnerei StaudenSpatz",NA
"Brassica nigra","Staudengärtnerei StaudenSpatz",NA
"Briza media","Staudengärtnerei StaudenSpatz","https://www.stauden-spatzundfrank.de/zittergras-briza-media.html"
"Briza media","Staudengärtnerei StaudenSpatz","https://www.stauden-spatzundfrank.de/zittergras-zitterzebra-briza-media-zitterzebra.html"
"Bromus erectus","Staudengärtnerei StaudenSpatz",NA
"Bryonia alba","Staudengärtnerei StaudenSpatz",NA
"Bryonia dioica","Staudengärtnerei StaudenSpatz",NA
"Buglossoides purpurocaerulea","Staudengärtnerei StaudenSpatz",NA
"Buphthalmum salicifolium","Staudengärtnerei StaudenSpatz","https://www.stauden-spatzundfrank.de/ochsenauge-buphthalmum-salicifolium.html"
"Bupleurum falcatum","Staudengärtnerei StaudenSpatz",NA
"Bupleurum longifolium","Staudengärtnerei StaudenSpatz",NA
"Bupleurum ranunculoides","Staudengärtnerei StaudenSpatz",NA
"Bupleurum rotundifolium","Staudengärtnerei StaudenSpatz",NA
"Butomus umbellatus","Staudengärtnerei StaudenSpatz",NA
"Cakile maritima","Staudengärtnerei StaudenSpatz",NA
"Calamagrostis arundinacea","Staudengärtnerei StaudenSpatz",NA
"Calamagrostis canescens","Staudengärtnerei StaudenSpatz",NA
"Calamagrostis pseudophragmites","Staudengärtnerei StaudenSpatz",NA
"Calamagrostis varia","Staudengärtnerei StaudenSpatz",NA
"Calamintha nepeta","Staudengärtnerei StaudenSpatz","https://www.stauden-spatzundfrank.de/steinquendel-calamintha-nepeta.html"
"Calendula arvensis","Staudengärtnerei StaudenSpatz",NA
"Calla palustris","Staudengärtnerei StaudenSpatz",NA
"Callitriche palustris","Staudengärtnerei StaudenSpatz",NA
"Calluna vulgaris","Staudengärtnerei StaudenSpatz",NA
"Caltha palustris","Staudengärtnerei StaudenSpatz","https://www.stauden-spatzundfrank.de/sumpf-dotterblume-caltha-palustris.html"
"Campanula bononiensis","Staudengärtnerei StaudenSpatz",NA
"Campanula cervicaria","Staudengärtnerei StaudenSpatz",NA
"Campanula cochleariifolia","Staudengärtnerei StaudenSpatz",NA
"Campanula glomerata","Staudengärtnerei StaudenSpatz","https://www.stauden-spatzundfrank.de/knaeul-glockenblume-campanula-glomerata.html"
"Campanula latifolia","Staudengärtnerei StaudenSpatz","https://www.stauden-spatzundfrank.de/wald-glockenblume-campanula-latifolia.html"
"Campanula latifolia","Staudengärtnerei StaudenSpatz","https://www.stauden-spatzundfrank.de/wald-glockenblume-alba-campanula-latifolia-var-macrantha-alba.html"
"Campanula patula","Staudengärtnerei StaudenSpatz","https://www.stauden-spatzundfrank.de/wiesen-glockenblume-campanula-patula.html"
"Campanula persicifolia","Staudengärtnerei StaudenSpatz","https://www.stauden-spatzundfrank.de/pfirsichblaettrige-glockenblume-campanula-persicifolia.html"
"Campanula persicifolia","Staudengärtnerei StaudenSpatz","https://www.stauden-spatzundfrank.de/pfirsichblaettrige-glockenblume-grandiflora-campanula-persicifolia-grandiflora.html"
"Campanula persicifolia","Staudengärtnerei StaudenSpatz","https://www.stauden-spatzundfrank.de/pfirsichblaettrige-glockenblume-grandiflora-alba-campanula-persicifolia-alba.html"
"Campanula rapunculus","Staudengärtnerei StaudenSpatz","https://www.stauden-spatzundfrank.de/rapunzel-glockenblume-campanula-rapunculus.html"
"Campanula rhomboidalis","Staudengärtnerei StaudenSpatz",NA
"Campanula rotundifolia","Staudengärtnerei StaudenSpatz","https://www.stauden-spatzundfrank.de/rundblaettrige-glockenblume-campanula-rotundifolia.html"
"Campanula rotundifolia","Staudengärtnerei StaudenSpatz","https://www.stauden-spatzundfrank.de/weisse-rundblaettrige-glockenblume-white-gem-campanula-rotundifolia-white-gem.html"
"Campanula scheuchzeri","Staudengärtnerei StaudenSpatz",NA
"Campanula sibirica","Staudengärtnerei StaudenSpatz",NA
"Campanula trachelium","Staudengärtnerei StaudenSpatz","https://www.stauden-spatzundfrank.de/nessel-glockenblume-campanula-trachelium.html"
"Campanula trachelium","Staudengärtnerei StaudenSpatz","https://www.stauden-spatzundfrank.de/Nesselblaettrige-Glockenblume-Album--Campanula-trachelium-.html"
"Cardamine alpina","Staudengärtnerei StaudenSpatz",NA
"Cardamine amara","Staudengärtnerei StaudenSpatz",NA
"Cardamine bulbifera","Staudengärtnerei StaudenSpatz",NA
"Cardamine flexuosa","Staudengärtnerei StaudenSpatz",NA
"Cardamine impatiens","Staudengärtnerei StaudenSpatz",NA
"Cardamine pratensis","Staudengärtnerei StaudenSpatz","https://www.stauden-spatzundfrank.de/wiesen-schaumkraut-cardamine-pratensis.html"
"Carduus acanthoides","Staudengärtnerei StaudenSpatz",NA
"Carduus defloratus","Staudengärtnerei StaudenSpatz",NA
"Carduus nutans","Staudengärtnerei StaudenSpatz","https://www.stauden-spatzundfrank.de/nickende-distel-carduus-nutans.html"
"Carex acuta","Staudengärtnerei StaudenSpatz",NA
"Carex alba","Staudengärtnerei StaudenSpatz",NA
"Carex arenaria","Staudengärtnerei StaudenSpatz",NA
"Carex brizoides","Staudengärtnerei StaudenSpatz",NA
"Carex caryophyllea","Staudengärtnerei StaudenSpatz",NA
"Carex davalliana","Staudengärtnerei StaudenSpatz",NA
"Carex diandra","Staudengärtnerei StaudenSpatz",NA
"Carex digitata","Staudengärtnerei StaudenSpatz",NA
"Carex divulsa","Staudengärtnerei StaudenSpatz",NA
"Carex elata","Staudengärtnerei StaudenSpatz",NA
"Carex ericetorum","Staudengärtnerei StaudenSpatz",NA
"Carex flacca","Staudengärtnerei StaudenSpatz",NA
"Carex flava","Staudengärtnerei StaudenSpatz",NA
"Carex humilis","Staudengärtnerei StaudenSpatz",NA
"Carex leporina","Staudengärtnerei StaudenSpatz",NA
"Carex montana","Staudengärtnerei StaudenSpatz","https://www.stauden-spatzundfrank.de/berg-segge-carex-montana.html"
"Carex nigra","Staudengärtnerei StaudenSpatz",NA
"Carex obtusata","Staudengärtnerei StaudenSpatz",NA
"Carex ornithopoda","Staudengärtnerei StaudenSpatz",NA
"Carex panicea","Staudengärtnerei StaudenSpatz","https://www.stauden-spatzundfrank.de/hirse-segge-carex-panicea.html"
"Carex paniculata","Staudengärtnerei StaudenSpatz",NA
"Carex pendula","Staudengärtnerei StaudenSpatz","https://www.stauden-spatzundfrank.de/riesen-segge-carex-pendula.html"
"Carex pilulifera","Staudengärtnerei StaudenSpatz",NA
"Carex pseudocyperus","Staudengärtnerei StaudenSpatz","https://www.stauden-spatzundfrank.de/scheinzyperngras-segge-carex-pseudocyperus.html"
"Carex remota","Staudengärtnerei StaudenSpatz",NA
"Carex riparia","Staudengärtnerei StaudenSpatz",NA
"Carex rostrata","Staudengärtnerei StaudenSpatz",NA
"Carex sempervirens","Staudengärtnerei StaudenSpatz",NA
"Carex spicata","Staudengärtnerei StaudenSpatz",NA
"Carex sylvatica","Staudengärtnerei StaudenSpatz","https://www.stauden-spatzundfrank.de/wald-segge-carex-sylvatica.html"
"Carex umbrosa","Staudengärtnerei StaudenSpatz",NA
"Carex vulpina","Staudengärtnerei StaudenSpatz",NA
"Carlina acaulis","Staudengärtnerei StaudenSpatz",NA
"Carlina vulgaris","Staudengärtnerei StaudenSpatz","https://www.stauden-spatzundfrank.de/gewoehnliche-golddistel-carlina-vulgaris.html"
"Carum carvi","Staudengärtnerei StaudenSpatz","https://www.stauden-spatzundfrank.de/echter-kuemmel-carum-carvi.html"
"Centaurea cyanus","Staudengärtnerei StaudenSpatz",NA
"Centaurea jacea","Staudengärtnerei StaudenSpatz","https://www.stauden-spatzundfrank.de/schmalblaettrige-wiesen-flockenblume-centaurea-jacea-ssp-angustifolia.html"
"Centaurea jacea","Staudengärtnerei StaudenSpatz","https://www.stauden-spatzundfrank.de/wiesen-flockenblume-centaurea-jacea.html"
"Centaurea montana","Staudengärtnerei StaudenSpatz","https://www.stauden-spatzundfrank.de/berg-flockenblume-centaurea-montana.html"
"Centaurea nigra","Staudengärtnerei StaudenSpatz","https://www.stauden-spatzundfrank.de/dunkle-flockenblume-centaurea-nigra.html"
"Centaurea nigrescens","Staudengärtnerei StaudenSpatz",NA
"Centaurea phrygia","Staudengärtnerei StaudenSpatz",NA
"Centaurea pseudophrygia","Staudengärtnerei StaudenSpatz","https://www.stauden-spatzundfrank.de/peruecken-flockenblume-centaurea-pseudophrygia.html"
"Centaurea scabiosa","Staudengärtnerei StaudenSpatz","https://www.stauden-spatzundfrank.de/skabiosen-flockenblume-centaurea-scabiosa.html"
"Centaurea stoebe","Staudengärtnerei StaudenSpatz","https://www.stauden-spatzundfrank.de/rispen-flockenblume-centaurea-stoebe.html"
"Centaurium erythraea","Staudengärtnerei StaudenSpatz","https://www.stauden-spatzundfrank.de/tausendgueldenkraut-centaurium-erythraea.html"
"Cephalanthera damasonium","Staudengärtnerei StaudenSpatz",NA
"Cerastium arvense","Staudengärtnerei StaudenSpatz",NA
"Ceratophyllum demersum","Staudengärtnerei StaudenSpatz",NA
"Ceratophyllum submersum","Staudengärtnerei StaudenSpatz",NA
"Cerinthe minor","Staudengärtnerei StaudenSpatz",NA
"Chaerophyllum aromaticum","Staudengärtnerei StaudenSpatz",NA
"Chaerophyllum aureum","Staudengärtnerei StaudenSpatz",NA
"Chaerophyllum bulbosum","Staudengärtnerei StaudenSpatz",NA
"Chaerophyllum hirsutum","Staudengärtnerei StaudenSpatz","https://www.stauden-spatzundfrank.de/gebirgs-kaelberkropf-chaerophyllum-hirsutum.html"
"Chamaecytisus ratisbonensis","Staudengärtnerei StaudenSpatz",NA
"Chamaecytisus supinus","Staudengärtnerei StaudenSpatz",NA
"Chenopodium bonus-henricus","Staudengärtnerei StaudenSpatz","https://www.stauden-spatzundfrank.de/guter-heinrich-chenopodium-bonus-henricus.html"
"Chenopodium foliosum","Staudengärtnerei StaudenSpatz",NA
"Chenopodium hybridum","Staudengärtnerei StaudenSpatz",NA
"Chondrilla juncea","Staudengärtnerei StaudenSpatz",NA
"Chrysosplenium alternifolium","Staudengärtnerei StaudenSpatz","https://www.stauden-spatzundfrank.de/wechselblaettriges-milzkraut-chrysosplenium-alternifolium.html"
"Cicerbita alpina","Staudengärtnerei StaudenSpatz",NA
"Cicerbita plumieri","Staudengärtnerei StaudenSpatz",NA
"Cichorium intybus","Staudengärtnerei StaudenSpatz","https://www.stauden-spatzundfrank.de/wegwarte-cichorium-intybus.html"
"Cicuta virosa","Staudengärtnerei StaudenSpatz",NA
"Circaea lutetiana","Staudengärtnerei StaudenSpatz",NA
"Cirsium acaule","Staudengärtnerei StaudenSpatz",NA
"Cirsium acaulon","Staudengärtnerei StaudenSpatz",NA
"Cirsium canum","Staudengärtnerei StaudenSpatz",NA
"Cirsium eriophorum","Staudengärtnerei StaudenSpatz","https://www.stauden-spatzundfrank.de/wollkoepfige-kratzdistel-cirsium-eriophorum.html"
"Cirsium oleraceum","Staudengärtnerei StaudenSpatz",NA
"Cirsium palustre","Staudengärtnerei StaudenSpatz",NA
"Cirsium rivulare","Staudengärtnerei StaudenSpatz",NA
"Cirsium tuberosum","Staudengärtnerei StaudenSpatz",NA
"Cladium mariscus","Staudengärtnerei StaudenSpatz",NA
"Clematis recta","Staudengärtnerei StaudenSpatz",NA
"Clinopodium vulgare","Staudengärtnerei StaudenSpatz","https://www.stauden-spatzundfrank.de/gewoehnlicher-wirbeldost-clinopodium-vulgare.html"
"Cochlearia officinalis","Staudengärtnerei StaudenSpatz",NA
"Colchicum autumnale","Staudengärtnerei StaudenSpatz",NA
"Colutea arborescens","Staudengärtnerei StaudenSpatz",NA
"Comarum palustre","Staudengärtnerei StaudenSpatz",NA
"Conium maculatum","Staudengärtnerei StaudenSpatz",NA
"Consolida regalis","Staudengärtnerei StaudenSpatz",NA
"Convallaria majalis","Staudengärtnerei StaudenSpatz","https://www.stauden-spatzundfrank.de/maigloeckchen-convallaria-majalis.html"
"Cornus mas","Staudengärtnerei StaudenSpatz",NA
"Coronilla coronata","Staudengärtnerei StaudenSpatz",NA
"Coronilla vaginalis","Staudengärtnerei StaudenSpatz",NA
"Corydalis cava","Staudengärtnerei StaudenSpatz",NA
"Corydalis intermedia","Staudengärtnerei StaudenSpatz",NA
"Corydalis pumila","Staudengärtnerei StaudenSpatz",NA
"Corydalis solida","Staudengärtnerei StaudenSpatz",NA
"Corynephorus canescens","Staudengärtnerei StaudenSpatz",NA
"Cotoneaster integerrimus","Staudengärtnerei StaudenSpatz",NA
"Crambe maritima","Staudengärtnerei StaudenSpatz","https://www.stauden-spatzundfrank.de/kuesten-meerkohl-crambe-maritima.html"
"Crataegus laevigata","Staudengärtnerei StaudenSpatz",NA
"Crataegus macrocarpa","Staudengärtnerei StaudenSpatz",NA
"Crepis biennis","Staudengärtnerei StaudenSpatz","https://www.stauden-spatzundfrank.de/wiesen-pippau-crepis-biennis.html"
"Crepis paludosa","Staudengärtnerei StaudenSpatz",NA
"Crepis tectorum","Staudengärtnerei StaudenSpatz",NA
"Cruciata laevipes","Staudengärtnerei StaudenSpatz",NA
"Cyclamen purpurascens","Staudengärtnerei StaudenSpatz",NA
"Cymbalaria muralis","Staudengärtnerei StaudenSpatz","https://www.stauden-spatzundfrank.de/zimbelkraut-cymbalaria-muralis.html"
"Cynoglossum officinale","Staudengärtnerei StaudenSpatz","https://www.stauden-spatzundfrank.de/gemeine-hundszunge-cynoglossum-officinale.html"
"Cynosurus cristatus","Staudengärtnerei StaudenSpatz",NA
"Cyperus longus","Staudengärtnerei StaudenSpatz",NA
"Cystopteris fragilis","Staudengärtnerei StaudenSpatz",NA
"Cytisus nigricans","Staudengärtnerei StaudenSpatz",NA
"Dactylis polygama","Staudengärtnerei StaudenSpatz",NA
"Dactylorhiza incarnata","Staudengärtnerei StaudenSpatz",NA
"Dactylorhiza praetermissa","Staudengärtnerei StaudenSpatz",NA
"Danthonia decumbens","Staudengärtnerei StaudenSpatz",NA
"Daphne cneorum","Staudengärtnerei StaudenSpatz",NA
"Daphne mezereum","Staudengärtnerei StaudenSpatz",NA
"Descurainia sophia","Staudengärtnerei StaudenSpatz",NA
"Dianthus arenarius","Staudengärtnerei StaudenSpatz","https://www.stauden-spatzundfrank.de/sand-nelke-dianthus-arenarius.html"
"Dianthus armeria","Staudengärtnerei StaudenSpatz","https://www.stauden-spatzundfrank.de/bueschel-nelke-raue-nelke-dianthus-armeria.html"
"Dianthus carthusianorum","Staudengärtnerei StaudenSpatz","https://www.stauden-spatzundfrank.de/karthaeusernelke-dianthus-carthusianorum.html"
"Dianthus deltoides","Staudengärtnerei StaudenSpatz","https://www.stauden-spatzundfrank.de/heide-nelke-dianthus-deltoides.html"
"Dianthus deltoides","Staudengärtnerei StaudenSpatz","https://www.stauden-spatzundfrank.de/heidenelke-arctic-fire-dianthus-deltoides-arctic-fire.html"
"Dianthus deltoides","Staudengärtnerei StaudenSpatz","https://www.stauden-spatzundfrank.de/heidenelke-leuchtfunk-dianthus-deltoides-leuchtfunk.html"
"Dianthus gratianopolitanus","Staudengärtnerei StaudenSpatz","https://www.stauden-spatzundfrank.de/pfingst-nelke-rosa-juwel-dianthus-gratianopolitanus-rosa-juwel.html"
"Dianthus superbus","Staudengärtnerei StaudenSpatz","https://www.stauden-spatzundfrank.de/pracht-nelke-dianthus-superbus.html"
"Dichoropetalum carvifolia","Staudengärtnerei StaudenSpatz",NA
"Dictamnus albus","Staudengärtnerei StaudenSpatz","https://www.stauden-spatzundfrank.de/brennender-busch-diptam-dictamnus-albus.html"
"Digitalis grandiflora","Staudengärtnerei StaudenSpatz",NA
"Digitalis lutea","Staudengärtnerei StaudenSpatz","https://www.stauden-spatzundfrank.de/Gelber-Fingerhut--Digitalis-lutea--.html"
"Dipsacus pilosus","Staudengärtnerei StaudenSpatz",NA
"Doronicum pardalianches","Staudengärtnerei StaudenSpatz","https://www.stauden-spatzundfrank.de/kriechende-gaemswurz-doronicum-pardalianches.html"
"Draba aizoides","Staudengärtnerei StaudenSpatz","https://www.stauden-spatzundfrank.de/hungerbluemchen-draba-aizoides.html"
"Dracocephalum ruyschiana","Staudengärtnerei StaudenSpatz","https://www.stauden-spatzundfrank.de/drachenkopf-dracocephalum-ruyschiana.html"
"Dryas octopetala","Staudengärtnerei StaudenSpatz",NA
"Dryopteris affinis","Staudengärtnerei StaudenSpatz","https://www.stauden-spatzundfrank.de/goldschuppenfarn-the-king-dryopteris-affinis-cristata-the-king.html"
"Dryopteris carthusiana","Staudengärtnerei StaudenSpatz",NA
"Dryopteris cristata","Staudengärtnerei StaudenSpatz",NA
"Echinocystis lobata","Staudengärtnerei StaudenSpatz",NA
"Echium vulgare","Staudengärtnerei StaudenSpatz","https://www.stauden-spatzundfrank.de/natternkopf-echium-vulgare.html"
"Eleocharis acicularis","Staudengärtnerei StaudenSpatz",NA
"Eleocharis palustris","Staudengärtnerei StaudenSpatz",NA
"Elodea canadensis","Staudengärtnerei StaudenSpatz",NA
"Elymus caninus","Staudengärtnerei StaudenSpatz",NA
"Empetrum nigrum","Staudengärtnerei StaudenSpatz",NA
"Epilobium dodonaei","Staudengärtnerei StaudenSpatz","https://www.stauden-spatzundfrank.de/rosmarin-weidenroeschen-epilobium-dodonaei.html"
"Epilobium fleischeri","Staudengärtnerei StaudenSpatz",NA
"Epilobium palustre","Staudengärtnerei StaudenSpatz",NA
"Epilobium parviflorum","Staudengärtnerei StaudenSpatz",NA
"Epilobium roseum","Staudengärtnerei StaudenSpatz",NA
"Epilobium tetragonum","Staudengärtnerei StaudenSpatz",NA
"Epipactis helleborine","Staudengärtnerei StaudenSpatz",NA
"Equisetum fluviatile","Staudengärtnerei StaudenSpatz",NA
"Equisetum hyemale","Staudengärtnerei StaudenSpatz",NA
"Equisetum palustre","Staudengärtnerei StaudenSpatz",NA
"Equisetum variegatum","Staudengärtnerei StaudenSpatz",NA
"Erica carnea","Staudengärtnerei StaudenSpatz",NA
"Erica tetralix","Staudengärtnerei StaudenSpatz",NA
"Eriophorum angustifolium","Staudengärtnerei StaudenSpatz",NA
"Eriophorum latifolium","Staudengärtnerei StaudenSpatz",NA
"Eriophorum vaginatum","Staudengärtnerei StaudenSpatz",NA
"Eryngium campestre","Staudengärtnerei StaudenSpatz",NA
"Eryngium maritimum","Staudengärtnerei StaudenSpatz",NA
"Eryngium planum","Staudengärtnerei StaudenSpatz","https://www.stauden-spatzundfrank.de/kleiner-mannstreu-eryngium-planum.html"
"Erysimum cheiranthoides","Staudengärtnerei StaudenSpatz",NA
"Erysimum cheiri","Staudengärtnerei StaudenSpatz",NA
"Erysimum crepidifolium","Staudengärtnerei StaudenSpatz",NA
"Erysimum odoratum","Staudengärtnerei StaudenSpatz",NA
"Euphorbia cyparissias","Staudengärtnerei StaudenSpatz","https://www.stauden-spatzundfrank.de/zypressen-wolfsmilch-euphorbia-cyparissias.html"
"Euphorbia dulcis","Staudengärtnerei StaudenSpatz",NA
"Euphorbia epithymoides","Staudengärtnerei StaudenSpatz",NA
"Euphorbia esula","Staudengärtnerei StaudenSpatz",NA
"Euphorbia palustris","Staudengärtnerei StaudenSpatz",NA
"Euphorbia seguieriana","Staudengärtnerei StaudenSpatz","https://www.stauden-spatzundfrank.de/steppen-wolfsmilch-euphorbia-seguieriana-ssp-niciciana.html"
"Euphorbia verrucosa","Staudengärtnerei StaudenSpatz",NA
"Euphrasia stricta","Staudengärtnerei StaudenSpatz",NA
"Fagopyrum tataricum","Staudengärtnerei StaudenSpatz",NA
"Falcaria vulgaris","Staudengärtnerei StaudenSpatz",NA
"Fallopia dumetorum","Staudengärtnerei StaudenSpatz",NA
"Festuca altissima","Staudengärtnerei StaudenSpatz",NA
"Festuca amethystina","Staudengärtnerei StaudenSpatz","https://www.stauden-spatzundfrank.de/regenbogenschwingel-festuca-amethystina.html"
"Festuca filiformis","Staudengärtnerei StaudenSpatz","https://www.stauden-spatzundfrank.de/rote-segge-roter-haarschwingel-walberla-festuca-filiformis-walberla.html"
"Festuca ovina","Staudengärtnerei StaudenSpatz",NA
"Festuca valesiaca","Staudengärtnerei StaudenSpatz",NA
"Filipendula vulgaris","Staudengärtnerei StaudenSpatz","https://www.stauden-spatzundfrank.de/knolliges-kleines-maedesuess-filipendula-vulgaris.html"
"Fragaria moschata","Staudengärtnerei StaudenSpatz",NA
"Fragaria viridis","Staudengärtnerei StaudenSpatz",NA
"Fraxinus excelsior","Staudengärtnerei StaudenSpatz",NA
"Fritillaria meleagris","Staudengärtnerei StaudenSpatz",NA
"Fumana procumbens","Staudengärtnerei StaudenSpatz",NA
"Gagea lutea","Staudengärtnerei StaudenSpatz",NA
"Gagea villosa","Staudengärtnerei StaudenSpatz",NA
"Galanthus nivalis","Staudengärtnerei StaudenSpatz",NA
"Galatella linosyris","Staudengärtnerei StaudenSpatz",NA
"Galeobdolon luteum","Staudengärtnerei StaudenSpatz",NA
"Galeopsis angustifolia","Staudengärtnerei StaudenSpatz",NA
"Galeopsis ladanum","Staudengärtnerei StaudenSpatz",NA
"Galeopsis segetum","Staudengärtnerei StaudenSpatz",NA
"Galeopsis speciosa","Staudengärtnerei StaudenSpatz",NA
"Galium boreale","Staudengärtnerei StaudenSpatz",NA
"Galium glaucum","Staudengärtnerei StaudenSpatz",NA
"Galium odoratum","Staudengärtnerei StaudenSpatz","https://www.stauden-spatzundfrank.de/waldmeister-galium-odoratum.html"
"Galium palustre","Staudengärtnerei StaudenSpatz","https://www.stauden-spatzundfrank.de/sumpf-labkraut-galium-palustre.html"
"Galium pumilum","Staudengärtnerei StaudenSpatz",NA
"Galium saxatile","Staudengärtnerei StaudenSpatz",NA
"Galium sylvaticum","Staudengärtnerei StaudenSpatz",NA
"Galium uliginosum","Staudengärtnerei StaudenSpatz",NA
"Galium verum","Staudengärtnerei StaudenSpatz","https://www.stauden-spatzundfrank.de/echtes-labkraut-galium-verum.html"
"Genista anglica","Staudengärtnerei StaudenSpatz",NA
"Genista germanica","Staudengärtnerei StaudenSpatz",NA
"Genista pilosa","Staudengärtnerei StaudenSpatz",NA
"Genista sagittalis","Staudengärtnerei StaudenSpatz",NA
"Genista tinctoria","Staudengärtnerei StaudenSpatz",NA
"Gentiana acaulis","Staudengärtnerei StaudenSpatz","https://www.stauden-spatzundfrank.de/staengelloser-enzian-gentiana-acaulis.html"
"Gentiana asclepiadea","Staudengärtnerei StaudenSpatz",NA
"Gentiana cruciata","Staudengärtnerei StaudenSpatz","https://www.stauden-spatzundfrank.de/kreuz-enzian-gentiana-cruciata.html"
"Gentiana lutea","Staudengärtnerei StaudenSpatz","https://www.stauden-spatzundfrank.de/gelber-enzian-gentiana-lutea.html"
"Gentiana pneumonanthe","Staudengärtnerei StaudenSpatz",NA
"Gentiana verna","Staudengärtnerei StaudenSpatz",NA
"Gentianella germanica","Staudengärtnerei StaudenSpatz",NA
"Geranium dissectum","Staudengärtnerei StaudenSpatz",NA
"Geranium palustre","Staudengärtnerei StaudenSpatz","https://www.stauden-spatzundfrank.de/sumpf-storchschnabel-geranium-palustre.html"
"Geranium phaeum","Staudengärtnerei StaudenSpatz","https://www.stauden-spatzundfrank.de/dunkler-storchschnabel-geranium-phaeum.html"
"Geranium pratense","Staudengärtnerei StaudenSpatz","https://www.stauden-spatzundfrank.de/wiesen-storchschnabel-geranium-pratense.html"
"Geranium rotundifolium","Staudengärtnerei StaudenSpatz",NA
"Geranium sanguineum","Staudengärtnerei StaudenSpatz","https://www.stauden-spatzundfrank.de/blut-storchschnabel-geranium-sanguineum.html"
"Geranium sylvaticum","Staudengärtnerei StaudenSpatz","https://www.stauden-spatzundfrank.de/wald-storchschnabel-geranium-sylvaticum.html"
"Geum rivale","Staudengärtnerei StaudenSpatz","https://www.stauden-spatzundfrank.de/bach-nelkenwurz-blutstroepferl-geum-rivale.html"
"Gladiolus palustris","Staudengärtnerei StaudenSpatz","https://www.stauden-spatzundfrank.de/sumpf-gladiole-sumpf-siegwurz-gladiolus-palustris.html"
"Glaucium flavum","Staudengärtnerei StaudenSpatz",NA
"Glebionis segetum","Staudengärtnerei StaudenSpatz",NA
"Globularia bisnagarica","Staudengärtnerei StaudenSpatz",NA
"Globularia punctata","Staudengärtnerei StaudenSpatz","https://www.stauden-spatzundfrank.de/gewoehnliche-kugelblume-globularia-punctata.html"
"Glyceria maxima","Staudengärtnerei StaudenSpatz",NA
"Glyceria notata","Staudengärtnerei StaudenSpatz",NA
"Gratiola officinalis","Staudengärtnerei StaudenSpatz",NA
"Gymnadenia conopsea","Staudengärtnerei StaudenSpatz",NA
"Gymnocarpium dryopteris","Staudengärtnerei StaudenSpatz",NA
"Gypsophila fastigiata","Staudengärtnerei StaudenSpatz",NA
"Gypsophila muralis","Staudengärtnerei StaudenSpatz",NA
"Gypsophila repens","Staudengärtnerei StaudenSpatz","https://www.stauden-spatzundfrank.de/polster-schleierkraut-gypsophila-repens.html"
"Helianthemum apenninum","Staudengärtnerei StaudenSpatz","https://www.stauden-spatzundfrank.de/apenninen-sonnenroeschen-helianthemum-apenninum.html"
"Helianthemum canum","Staudengärtnerei StaudenSpatz",NA
"Helianthemum nummularium","Staudengärtnerei StaudenSpatz","https://www.stauden-spatzundfrank.de/gewoehnliches-sonnenroeschen-helianthemum-nummularium.html"
"Helichrysum arenarium","Staudengärtnerei StaudenSpatz","https://www.stauden-spatzundfrank.de/sandkraut-helichrysum-arenarium.html"
"Helictotrichon pubescens","Staudengärtnerei StaudenSpatz",NA
"Helleborus foetidus","Staudengärtnerei StaudenSpatz","https://www.stauden-spatzundfrank.de/palmblatt-nieswurz-helleborus-foetidus.html"
"Helleborus viridis","Staudengärtnerei StaudenSpatz",NA
"Hepatica nobilis","Staudengärtnerei StaudenSpatz","https://www.stauden-spatzundfrank.de/leberbluemchen-hepatica-nobilis.html"
"Herniaria glabra","Staudengärtnerei StaudenSpatz",NA
"Hieracium bauhini","Staudengärtnerei StaudenSpatz",NA
"Hieracium hoppeanum","Staudengärtnerei StaudenSpatz",NA
"Hieracium lachenalii","Staudengärtnerei StaudenSpatz",NA
"Hieracium lactucella","Staudengärtnerei StaudenSpatz",NA
"Hieracium levicaule","Staudengärtnerei StaudenSpatz",NA
"Hieracium murorum","Staudengärtnerei StaudenSpatz",NA
"Hieracium piloselloides","Staudengärtnerei StaudenSpatz",NA
"Hieracium sabaudum","Staudengärtnerei StaudenSpatz",NA
"Hieracium umbellatum","Staudengärtnerei StaudenSpatz","https://www.stauden-spatzundfrank.de/doldiges-habichtskraut-hieracium-umbellatum.html"
"Hierochloe odorata","Staudengärtnerei StaudenSpatz",NA
"Hierochloë odorata","Staudengärtnerei StaudenSpatz",NA
"Hippocrepis comosa","Staudengärtnerei StaudenSpatz","https://www.stauden-spatzundfrank.de/hufeisenklee-hippocrepis-comosa.html"
"Hippocrepis emerus","Staudengärtnerei StaudenSpatz",NA
"Hippuris vulgaris","Staudengärtnerei StaudenSpatz",NA
"Homogyne alpina","Staudengärtnerei StaudenSpatz",NA
"Honckenya peploides","Staudengärtnerei StaudenSpatz",NA
"Hordelymus europaeus","Staudengärtnerei StaudenSpatz",NA
"Horminum pyrenaicum","Staudengärtnerei StaudenSpatz","https://www.stauden-spatzundfrank.de/drachenmaul-horminum-pyrenaicum.html"
"Hottonia palustris","Staudengärtnerei StaudenSpatz",NA
"Hyacinthoides non-scripta","Staudengärtnerei StaudenSpatz",NA
"Hydrocharis morsus-ranae","Staudengärtnerei StaudenSpatz",NA
"Hydrocotyle vulgaris","Staudengärtnerei StaudenSpatz",NA
"Hylotelephium maximum","Staudengärtnerei StaudenSpatz",NA
"Hyoscyamus niger","Staudengärtnerei StaudenSpatz",NA
"Hypericum elodes","Staudengärtnerei StaudenSpatz",NA
"Hypericum hirsutum","Staudengärtnerei StaudenSpatz",NA
"Hypericum maculatum","Staudengärtnerei StaudenSpatz",NA
"Hypericum montanum","Staudengärtnerei StaudenSpatz",NA
"Hypericum tetrapterum","Staudengärtnerei StaudenSpatz","https://www.stauden-spatzundfrank.de/gefluegeltes-johanniskraut-hypericum-tetrapterum.html"
"Hypochaeris glabra","Staudengärtnerei StaudenSpatz",NA
"Hypochaeris maculata","Staudengärtnerei StaudenSpatz",NA
"Hyssopus officinalis","Staudengärtnerei StaudenSpatz","https://www.stauden-spatzundfrank.de/ysop-hyssopus-officinalis.html"
"Hyssopus officinalis","Staudengärtnerei StaudenSpatz","https://www.stauden-spatzundfrank.de/ysop-rosea-hyssopus-officinalis-rosea.html"
"Iberis amara","Staudengärtnerei StaudenSpatz",NA
"Ilex aquifolium","Staudengärtnerei StaudenSpatz",NA
"Impatiens noli-tangere","Staudengärtnerei StaudenSpatz",NA
"Inula britannica","Staudengärtnerei StaudenSpatz",NA
"Inula conyzae","Staudengärtnerei StaudenSpatz",NA
"Inula ensifolia","Staudengärtnerei StaudenSpatz","https://www.stauden-spatzundfrank.de/zwerg-alant-inula-ensifolia.html"
"Inula helenium","Staudengärtnerei StaudenSpatz",NA
"Inula hirta","Staudengärtnerei StaudenSpatz","https://www.stauden-spatzundfrank.de/rauhaariger-alant-inula-hirta.html"
"Inula salicina","Staudengärtnerei StaudenSpatz","https://www.stauden-spatzundfrank.de/weidenblaettriger-alant-inula-salicina.html"
"Iris aphylla","Staudengärtnerei StaudenSpatz",NA
"Iris germanica","Staudengärtnerei StaudenSpatz","https://www.stauden-spatzundfrank.de/weinberg-iris-iris-germanica-ssp-spectabilis.html"
"Iris sibirica","Staudengärtnerei StaudenSpatz","https://www.stauden-spatzundfrank.de/sibirische-wiesen-iris-iris-sibirica.html"
"Iris spuria","Staudengärtnerei StaudenSpatz",NA
"Iris variegata","Staudengärtnerei StaudenSpatz",NA
"Isatis tinctoria","Staudengärtnerei StaudenSpatz","https://www.stauden-spatzundfrank.de/faerberwaid-isatis-tinctoria.html"
"Jasione laevis","Staudengärtnerei StaudenSpatz",NA
"Jasione montana","Staudengärtnerei StaudenSpatz","https://www.stauden-spatzundfrank.de/berg-sandgloeckchen-jasione-montana.html"
"Juncus conglomeratus","Staudengärtnerei StaudenSpatz",NA
"Juncus inflexus","Staudengärtnerei StaudenSpatz",NA
"Juncus subnodulosus","Staudengärtnerei StaudenSpatz",NA
"Juniperus communis","Staudengärtnerei StaudenSpatz",NA
"Juniperus sabina","Staudengärtnerei StaudenSpatz",NA
"Kickxia spuria","Staudengärtnerei StaudenSpatz",NA
"Knautia arvensis","Staudengärtnerei StaudenSpatz","https://www.stauden-spatzundfrank.de/wiesen-witwenblume-knautia-arvensis.html"
"Knautia drymeia","Staudengärtnerei StaudenSpatz","https://www.stauden-spatzundfrank.de/ungarische-witwenblume-knautia-drymeia.html"
"Koeleria glauca","Staudengärtnerei StaudenSpatz","https://www.stauden-spatzundfrank.de/schillergras-koeleria-glauca.html"
"Koeleria pyramidata","Staudengärtnerei StaudenSpatz",NA
"Lactuca perennis","Staudengärtnerei StaudenSpatz",NA
"Lactuca virosa","Staudengärtnerei StaudenSpatz",NA
"Lamium maculatum","Staudengärtnerei StaudenSpatz","https://www.stauden-spatzundfrank.de/gefleckte-taubnessel-lamium-maculatum.html"
"Laser trilobum","Staudengärtnerei StaudenSpatz",NA
"Laserpitium latifolium","Staudengärtnerei StaudenSpatz","https://www.stauden-spatzundfrank.de/breitblaettiges-laserkraut-laserpitium-latifolium.html"
"Laserpitium prutenicum","Staudengärtnerei StaudenSpatz",NA
"Laserpitium siler","Staudengärtnerei StaudenSpatz","https://www.stauden-spatzundfrank.de/berg-laserkraut-laserpitium-siler.html"
"Lathyrus aphaca","Staudengärtnerei StaudenSpatz",NA
"Lathyrus heterophyllus","Staudengärtnerei StaudenSpatz",NA
"Lathyrus linifolius","Staudengärtnerei StaudenSpatz",NA
"Lathyrus maritimus","Staudengärtnerei StaudenSpatz",NA
"Lathyrus niger","Staudengärtnerei StaudenSpatz",NA
"Lathyrus palustris","Staudengärtnerei StaudenSpatz",NA
"Lathyrus sylvestris","Staudengärtnerei StaudenSpatz","https://www.stauden-spatzundfrank.de/wald-platterbse-lathyrus-sylvestris.html"
"Lathyrus tuberosus","Staudengärtnerei StaudenSpatz","https://www.stauden-spatzundfrank.de/knollen-platterbse-lathyrus-tuberosus.html"
"Lathyrus vernus","Staudengärtnerei StaudenSpatz","https://www.stauden-spatzundfrank.de/fruehlings-platterbse-lathyrus-vernus.html"
"Lavatera thuringiaca","Staudengärtnerei StaudenSpatz",NA
"Ledum palustre","Staudengärtnerei StaudenSpatz",NA
"Legousia speculum-veneris","Staudengärtnerei StaudenSpatz",NA
"Leontodon hispidus","Staudengärtnerei StaudenSpatz","https://www.stauden-spatzundfrank.de/rauer-loewenzahn-leontodon-hispidus.html"
"Leontopodium alpinum","Staudengärtnerei StaudenSpatz","https://www.stauden-spatzundfrank.de/edelweiss-silberzwerg-leontopodium-alpinum-silberzwerg.html"
"Leonurus cardiaca","Staudengärtnerei StaudenSpatz","https://www.stauden-spatzundfrank.de/herzgespann-loewenschweif-leonurus-cardiaca.html"
"Lepidium latifolium","Staudengärtnerei StaudenSpatz",NA
"Leucanthemum ircutianum","Staudengärtnerei StaudenSpatz","https://www.stauden-spatzundfrank.de/fettwiesen-margerite-leucanthemum-ircutianum.html"
"Leucanthemum vulgare","Staudengärtnerei StaudenSpatz","https://www.stauden-spatzundfrank.de/margerite-wiesenmargerite-leucanthemum-vulgare.html"
"Leucojum aestivum","Staudengärtnerei StaudenSpatz",NA
"Leucojum vernum","Staudengärtnerei StaudenSpatz",NA
"Leymus arenarius","Staudengärtnerei StaudenSpatz",NA
"Libanotis pyrenaica","Staudengärtnerei StaudenSpatz",NA
"Lilium martagon","Staudengärtnerei StaudenSpatz",NA
"Limonium vulgare","Staudengärtnerei StaudenSpatz","https://www.stauden-spatzundfrank.de/gewoehnlicher-strandflieder-limonium-vulgare.html"
"Linaria alpina","Staudengärtnerei StaudenSpatz","https://www.stauden-spatzundfrank.de/alpen-leinkraut-linaria-alpina.html"
"Linaria alpina","Staudengärtnerei StaudenSpatz","https://www.stauden-spatzundfrank.de/niedriges-leinkraut-neon-lights-linaria-alpina-neon-lights.html"
"Linaria repens","Staudengärtnerei StaudenSpatz",NA
"Linaria vulgaris","Staudengärtnerei StaudenSpatz","https://www.stauden-spatzundfrank.de/gewoehnliches-leinkraut-linaria-vulgaris.html"
"Linum alpinum","Staudengärtnerei StaudenSpatz",NA
"Linum austriacum","Staudengärtnerei StaudenSpatz",NA
"Linum flavum","Staudengärtnerei StaudenSpatz","https://www.stauden-spatzundfrank.de/gelber-lein-linum-flavum.html"
"Linum perenne","Staudengärtnerei StaudenSpatz","https://www.stauden-spatzundfrank.de/staudenlein-linum-perenne.html"
"Linum perenne","Staudengärtnerei StaudenSpatz","https://www.stauden-spatzundfrank.de/weisser-staudenlein-linum-perenne-nanum-album-diamant.html"
"Linum tenuifolium","Staudengärtnerei StaudenSpatz",NA
"Listera ovata","Staudengärtnerei StaudenSpatz",NA
"Lithospermum officinale","Staudengärtnerei StaudenSpatz",NA
"Lithospermum purpurocaeruleum","Staudengärtnerei StaudenSpatz",NA
"Lolium temulentum","Staudengärtnerei StaudenSpatz",NA
"Lonicera caerulea","Staudengärtnerei StaudenSpatz",NA
"Lonicera nigra","Staudengärtnerei StaudenSpatz",NA
"Lonicera periclymenum","Staudengärtnerei StaudenSpatz",NA
"Lonicera xylosteum","Staudengärtnerei StaudenSpatz",NA
"Lotus corniculatus","Staudengärtnerei StaudenSpatz","https://www.stauden-spatzundfrank.de/gewoehnlicher-hornklee-lotus-corniculatus.html"
"Lotus maritimus","Staudengärtnerei StaudenSpatz",NA
"Lotus pedunculatus","Staudengärtnerei StaudenSpatz",NA
"Lunaria rediviva","Staudengärtnerei StaudenSpatz","https://www.stauden-spatzundfrank.de/ausdauerndes-silberblatt-mondviole-lunaria-rediviva.html"
"Luzula campestris","Staudengärtnerei StaudenSpatz",NA
"Luzula luzuloides","Staudengärtnerei StaudenSpatz",NA
"Luzula multiflora","Staudengärtnerei StaudenSpatz",NA
"Luzula nivea","Staudengärtnerei StaudenSpatz","https://www.stauden-spatzundfrank.de/schnee-marbel-luzula-nivea.html"
"Luzula pilosa","Staudengärtnerei StaudenSpatz","https://www.stauden-spatzundfrank.de/fruehlings-hainsimse-luzula-pilosa-igel.html"
"Luzula sylvatica","Staudengärtnerei StaudenSpatz","https://www.stauden-spatzundfrank.de/gelbrand-wald-marbel-luzula-sylvatica-marginata.html"
"Lychnis flos-cuculi","Staudengärtnerei StaudenSpatz",NA
"Lychnis viscaria","Staudengärtnerei StaudenSpatz",NA
"Lysimachia nemorum","Staudengärtnerei StaudenSpatz",NA
"Lysimachia punctata","Staudengärtnerei StaudenSpatz",NA
"Lysimachia thyrsiflora","Staudengärtnerei StaudenSpatz",NA
"Lythrum hyssopifolia","Staudengärtnerei StaudenSpatz",NA
"Malus sylvestris","Staudengärtnerei StaudenSpatz",NA
"Malva alcea","Staudengärtnerei StaudenSpatz","https://www.stauden-spatzundfrank.de/rosenpappel-siegmarskraut-malva-alcea.html"
"Malva moschata","Staudengärtnerei StaudenSpatz","https://www.stauden-spatzundfrank.de/moschus-malve-malva-moschata.html"
"Malva moschata","Staudengärtnerei StaudenSpatz","https://www.stauden-spatzundfrank.de/weisse-moschus-malve-alba-malva-moschata-alba.html"
"Malva neglecta","Staudengärtnerei StaudenSpatz",NA
"Malva sylvestris","Staudengärtnerei StaudenSpatz","https://www.stauden-spatzundfrank.de/rosspappel-wilde-malve-malva-sylvestris.html"
"Marrubium vulgare","Staudengärtnerei StaudenSpatz","https://www.stauden-spatzundfrank.de/gewoehnlicher-andorn-marrubium-vulgare.html"
"Matteuccia struthiopteris","Staudengärtnerei StaudenSpatz",NA
"Medicago falcata","Staudengärtnerei StaudenSpatz","https://www.stauden-spatzundfrank.de/sichelklee-medicago-falcata.html"
"Melampyrum arvense","Staudengärtnerei StaudenSpatz",NA
"Melampyrum nemorosum","Staudengärtnerei StaudenSpatz",NA
"Melampyrum pratense","Staudengärtnerei StaudenSpatz",NA
"Melampyrum sylvaticum","Staudengärtnerei StaudenSpatz",NA
"Melica ciliata","Staudengärtnerei StaudenSpatz","https://www.stauden-spatzundfrank.de/wimper-perlgras-melica-ciliata.html"
"Melica nutans","Staudengärtnerei StaudenSpatz",NA
"Melica transsilvanica","Staudengärtnerei StaudenSpatz",NA
"Melica uniflora","Staudengärtnerei StaudenSpatz","https://www.stauden-spatzundfrank.de/perlgras-melica-uniflora.html"
"Melittis melissophyllum","Staudengärtnerei StaudenSpatz",NA
"Mentha arvensis","Staudengärtnerei StaudenSpatz",NA
"Mentha longifolia","Staudengärtnerei StaudenSpatz",NA
"Mentha pulegium","Staudengärtnerei StaudenSpatz",NA
"Mentha suaveolens","Staudengärtnerei StaudenSpatz",NA
"Mentha x rotundifolia","Staudengärtnerei StaudenSpatz",NA
"Menyanthes trifoliata","Staudengärtnerei StaudenSpatz",NA
"Mercurialis perennis","Staudengärtnerei StaudenSpatz",NA
"Mespilus germanica","Staudengärtnerei StaudenSpatz",NA
"Meum athamanticum","Staudengärtnerei StaudenSpatz","https://www.stauden-spatzundfrank.de/baerwurz-meum-athamanticum.html"
"Milium effusum","Staudengärtnerei StaudenSpatz",NA
"Minuartia austriaca","Staudengärtnerei StaudenSpatz",NA
"Misopates orontium","Staudengärtnerei StaudenSpatz",NA
"Moehringia muscosa","Staudengärtnerei StaudenSpatz",NA
"Molinia arundinacea","Staudengärtnerei StaudenSpatz",NA
"Molinia caerulea","Staudengärtnerei StaudenSpatz","https://www.stauden-spatzundfrank.de/moor-pfeifengras-molinia-caerulea-moorhexe.html"
"Molinia caerulea","Staudengärtnerei StaudenSpatz","https://www.stauden-spatzundfrank.de/moor-pfeifengras-molinia-caerulea.html"
"Muscari botryoides","Staudengärtnerei StaudenSpatz",NA
"Muscari comosum","Staudengärtnerei StaudenSpatz",NA
"Muscari neglectum","Staudengärtnerei StaudenSpatz",NA
"Muscari racemosum","Staudengärtnerei StaudenSpatz",NA
"Myosotis rehsteineri","Staudengärtnerei StaudenSpatz",NA
"Myosotis sylvatica","Staudengärtnerei StaudenSpatz","https://www.stauden-spatzundfrank.de/wald-vergissmeinnicht-myosotis-sylvatica.html"
"Myrica gale","Staudengärtnerei StaudenSpatz",NA
"Myricaria germanica","Staudengärtnerei StaudenSpatz",NA
"Myriophyllum spicatum","Staudengärtnerei StaudenSpatz",NA
"Myriophyllum verticillatum","Staudengärtnerei StaudenSpatz",NA
"Myrrhis odorata","Staudengärtnerei StaudenSpatz","https://www.stauden-spatzundfrank.de/suessdolde-myrrhis-odorata.html"
"Narcissus poeticus","Staudengärtnerei StaudenSpatz",NA
"Narcissus pseudonarcissus","Staudengärtnerei StaudenSpatz",NA
"Nardus stricta","Staudengärtnerei StaudenSpatz",NA
"Nasturtium officinale","Staudengärtnerei StaudenSpatz",NA
"Nepeta cataria","Staudengärtnerei StaudenSpatz","https://www.stauden-spatzundfrank.de/echte-katzenminze-nepeta-cataria.html"
"Nepeta cataria","Staudengärtnerei StaudenSpatz","https://www.stauden-spatzundfrank.de/zitronen-katzenminze-nepeta-cataria-ssp-citriodora.html"
"Nigella arvensis","Staudengärtnerei StaudenSpatz",NA
"Noccaea caerulescens","Staudengärtnerei StaudenSpatz",NA
"Noccaea montana","Staudengärtnerei StaudenSpatz",NA
"Nonea pulla","Staudengärtnerei StaudenSpatz",NA
"Nuphar lutea","Staudengärtnerei StaudenSpatz",NA
"Nymphaea alba","Staudengärtnerei StaudenSpatz",NA
"Nymphaea candida","Staudengärtnerei StaudenSpatz",NA
"Nymphoides peltata","Staudengärtnerei StaudenSpatz",NA
"Odontites luteus","Staudengärtnerei StaudenSpatz",NA
"Odontites vulgaris","Staudengärtnerei StaudenSpatz",NA
"Oenanthe peucedanifolia","Staudengärtnerei StaudenSpatz",NA
"Onobrychis arenaria","Staudengärtnerei StaudenSpatz",NA
"Onobrychis montana","Staudengärtnerei StaudenSpatz",NA
"Onobrychis viciifolia","Staudengärtnerei StaudenSpatz",NA
"Ononis arvensis","Staudengärtnerei StaudenSpatz",NA
"Ononis natrix","Staudengärtnerei StaudenSpatz","https://www.stauden-spatzundfrank.de/gelber-hauhechel-ononis-natrix.html"
"Ononis repens","Staudengärtnerei StaudenSpatz",NA
"Ononis spinosa","Staudengärtnerei StaudenSpatz","https://www.stauden-spatzundfrank.de/dorniger-hauhechel-ononis-spinosa.html"
"Onopordum acanthium","Staudengärtnerei StaudenSpatz","https://www.stauden-spatzundfrank.de/eselsdistel-onopordum-acanthium.html"
"Origanum vulgare","Staudengärtnerei StaudenSpatz","https://www.stauden-spatzundfrank.de/wilder-majoran-echter-dost-origanum-vulgare.html"
"Orlaya grandiflora","Staudengärtnerei StaudenSpatz",NA
"Ornithogalum nutans","Staudengärtnerei StaudenSpatz",NA
"Ornithogalum umbellatum","Staudengärtnerei StaudenSpatz",NA
"Ornithopus perpusillus","Staudengärtnerei StaudenSpatz",NA
"Osmunda regalis","Staudengärtnerei StaudenSpatz","https://www.stauden-spatzundfrank.de/koenigsfarn-osmunda-regalis.html"
"Oxyria digyna","Staudengärtnerei StaudenSpatz",NA
"Oxytropis pilosa","Staudengärtnerei StaudenSpatz",NA
"Papaver argemone","Staudengärtnerei StaudenSpatz",NA
"Papaver dubium","Staudengärtnerei StaudenSpatz",NA
"Parietaria judaica","Staudengärtnerei StaudenSpatz",NA
"Paris quadrifolia","Staudengärtnerei StaudenSpatz",NA
"Petasites albus","Staudengärtnerei StaudenSpatz",NA
"Petasites hybridus","Staudengärtnerei StaudenSpatz",NA
"Petasites spurius","Staudengärtnerei StaudenSpatz",NA
"Petrorhagia prolifera","Staudengärtnerei StaudenSpatz",NA
"Petrorhagia saxifraga","Staudengärtnerei StaudenSpatz","https://www.stauden-spatzundfrank.de/felsennelke-rosette-petrorhagia-saxifraga-rosette.html"
"Peucedanum alsaticum","Staudengärtnerei StaudenSpatz","https://www.stauden-spatzundfrank.de/elsaesser-haarstrang-peucedanum-alsaticum.html"
"Peucedanum carvifolia","Staudengärtnerei StaudenSpatz",NA
"Peucedanum cervaria","Staudengärtnerei StaudenSpatz",NA
"Peucedanum officinale","Staudengärtnerei StaudenSpatz","https://www.stauden-spatzundfrank.de/gewoehnlicher-haarstrang-peucedanum-officinale.html"
"Peucedanum oreoselinum","Staudengärtnerei StaudenSpatz",NA
"Peucedanum ostruthium","Staudengärtnerei StaudenSpatz",NA
"Peucedanum palustre","Staudengärtnerei StaudenSpatz",NA
"Phegopteris connectilis","Staudengärtnerei StaudenSpatz",NA
"Phleum phleoides","Staudengärtnerei StaudenSpatz",NA
"Physalis alkekengi","Staudengärtnerei StaudenSpatz",NA
"Phyteuma betonicifolium","Staudengärtnerei StaudenSpatz",NA
"Phyteuma nigrum","Staudengärtnerei StaudenSpatz","https://www.stauden-spatzundfrank.de/schwarze-teufelskralle-phyteuma-nigrum.html"
"Phyteuma orbiculare","Staudengärtnerei StaudenSpatz",NA
"Phyteuma ovatum","Staudengärtnerei StaudenSpatz",NA
"Phyteuma spicatum","Staudengärtnerei StaudenSpatz","https://www.stauden-spatzundfrank.de/aehrige-teufelskralle-phyteuma-spicatum.html"
"Picea abies","Staudengärtnerei StaudenSpatz",NA
"Picris hieracioides","Staudengärtnerei StaudenSpatz",NA
"Pimpinella major","Staudengärtnerei StaudenSpatz","https://www.stauden-spatzundfrank.de/grosse-bibernelle-pimpinella-major.html"
"Pimpinella major","Staudengärtnerei StaudenSpatz","https://www.stauden-spatzundfrank.de/grosse-bibernelle-rosea-pimpinella-major-rosea.html"
"Pimpinella nigra","Staudengärtnerei StaudenSpatz",NA
"Pimpinella saxifraga","Staudengärtnerei StaudenSpatz","https://www.stauden-spatzundfrank.de/bibernelle-pimpinella-saxifraga.html"
"Plantago coronopus","Staudengärtnerei StaudenSpatz",NA
"Plantago major","Staudengärtnerei StaudenSpatz","https://www.stauden-spatzundfrank.de/roter-breitwegerich-rubifolia-plantago-major-rubifolia.html"
"Plantago media","Staudengärtnerei StaudenSpatz",NA
"Platanthera bifolia","Staudengärtnerei StaudenSpatz",NA
"Platanthera chlorantha","Staudengärtnerei StaudenSpatz",NA
"Poa alpina","Staudengärtnerei StaudenSpatz",NA
"Poa chaixii","Staudengärtnerei StaudenSpatz",NA
"Polemonium caeruleum","Staudengärtnerei StaudenSpatz","https://www.stauden-spatzundfrank.de/jakobsleiter-polemonium-caeruleum.html"
"Polemonium caeruleum","Staudengärtnerei StaudenSpatz","https://www.stauden-spatzundfrank.de/weisse-jakobsleiter-polemonium-caeruleum-album.html"
"Polygala amara","Staudengärtnerei StaudenSpatz",NA
"Polygala comosa","Staudengärtnerei StaudenSpatz",NA
"Polygala vulgaris","Staudengärtnerei StaudenSpatz",NA
"Polygonatum multiflorum","Staudengärtnerei StaudenSpatz","https://www.stauden-spatzundfrank.de/vielbluetiger-salomonsiegel-polygonatum-multiflorum.html"
"Polygonatum odoratum","Staudengärtnerei StaudenSpatz","https://www.stauden-spatzundfrank.de/duft-salomonsiegel-polygonatum-odoratum.html"
"Polygonatum verticillatum","Staudengärtnerei StaudenSpatz",NA
"Polypodium interjectum","Staudengärtnerei StaudenSpatz",NA
"Polypodium vulgare","Staudengärtnerei StaudenSpatz","https://www.stauden-spatzundfrank.de/tuepfelfarn-polypodium-vulgare.html"
"Polystichum aculeatum","Staudengärtnerei StaudenSpatz",NA
"Polystichum braunii","Staudengärtnerei StaudenSpatz",NA
"Polystichum setiferum","Staudengärtnerei StaudenSpatz",NA
"Populus alba","Staudengärtnerei StaudenSpatz",NA
"Populus nigra","Staudengärtnerei StaudenSpatz",NA
"Populus x canescens","Staudengärtnerei StaudenSpatz",NA
"Portulaca oleracea","Staudengärtnerei StaudenSpatz",NA
"Potamogeton crispus","Staudengärtnerei StaudenSpatz",NA
"Potamogeton lucens","Staudengärtnerei StaudenSpatz",NA
"Potamogeton natans","Staudengärtnerei StaudenSpatz",NA
"Potentilla alba","Staudengärtnerei StaudenSpatz",NA
"Potentilla anglica","Staudengärtnerei StaudenSpatz",NA
"Potentilla argentea","Staudengärtnerei StaudenSpatz",NA
"Potentilla aurea","Staudengärtnerei StaudenSpatz",NA
"Potentilla crantzii","Staudengärtnerei StaudenSpatz",NA
"Potentilla erecta","Staudengärtnerei StaudenSpatz","https://www.stauden-spatzundfrank.de/blutwurz-tormentill-potentilla-erecta.html"
"Potentilla incana","Staudengärtnerei StaudenSpatz",NA
"Potentilla neumanniana","Staudengärtnerei StaudenSpatz",NA
"Potentilla palustris","Staudengärtnerei StaudenSpatz",NA
"Potentilla recta","Staudengärtnerei StaudenSpatz","https://www.stauden-spatzundfrank.de/hohes-fingerkraut-potentilla-recta.html"
"Potentilla rupestris","Staudengärtnerei StaudenSpatz",NA
"Potentilla sterilis","Staudengärtnerei StaudenSpatz",NA
"Prenanthes purpurea","Staudengärtnerei StaudenSpatz",NA
"Primula auricula","Staudengärtnerei StaudenSpatz",NA
"Primula clusiana","Staudengärtnerei StaudenSpatz",NA
"Primula elatior","Staudengärtnerei StaudenSpatz","https://www.stauden-spatzundfrank.de/hohe-schluesselblume-primula-elatior.html"
"Primula farinosa","Staudengärtnerei StaudenSpatz","https://www.stauden-spatzundfrank.de/Primula-farinosa--Mehl-Primel-.html"
"Primula hirsuta","Staudengärtnerei StaudenSpatz",NA
"Primula veris","Staudengärtnerei StaudenSpatz","https://www.stauden-spatzundfrank.de/echte-schluesselblume-wiesen-schluesselblume-primula-veris.html"
"Primula vulgaris","Staudengärtnerei StaudenSpatz",NA
"Primula x pubescens","Staudengärtnerei StaudenSpatz",NA
"Prunella grandiflora","Staudengärtnerei StaudenSpatz","https://www.stauden-spatzundfrank.de/braunelle-gruss-aus-isernhagen-prunella-grandiflora-gruss-aus-isernhagen.html"
"Prunella grandiflora","Staudengärtnerei StaudenSpatz","https://www.stauden-spatzundfrank.de/grosse-braunelle-prunella-grandiflora.html"
"Prunella grandiflora","Staudengärtnerei StaudenSpatz","https://www.stauden-spatzundfrank.de/weisse-braunelle-prunella-grandiflora-alba.html"
"Prunus avium","Staudengärtnerei StaudenSpatz",NA
"Prunus domestica","Staudengärtnerei StaudenSpatz",NA
"Prunus fruticosa","Staudengärtnerei StaudenSpatz",NA
"Prunus mahaleb","Staudengärtnerei StaudenSpatz",NA
"Pseudofumaria lutea","Staudengärtnerei StaudenSpatz",NA
"Pseudolysimachion longifolium","Staudengärtnerei StaudenSpatz",NA
"Pulicaria dysenterica","Staudengärtnerei StaudenSpatz",NA
"Pulmonaria angustifolia","Staudengärtnerei StaudenSpatz",NA
"Pulmonaria mollis","Staudengärtnerei StaudenSpatz",NA
"Pulmonaria obscura","Staudengärtnerei StaudenSpatz",NA
"Pulmonaria officinalis","Staudengärtnerei StaudenSpatz","https://www.stauden-spatzundfrank.de/echtes-lungenkraut-pulmonaria-officinalis.html"
"Pulmonaria rubra","Staudengärtnerei StaudenSpatz",NA
"Pulsatilla patens","Staudengärtnerei StaudenSpatz",NA
"Pulsatilla pratensis","Staudengärtnerei StaudenSpatz",NA
"Pulsatilla vulgaris","Staudengärtnerei StaudenSpatz","https://www.stauden-spatzundfrank.de/kuechenschelle-rubra-pulsatilla-vulgaris-rubra.html"
"Pulsatilla vulgaris","Staudengärtnerei StaudenSpatz","https://www.stauden-spatzundfrank.de/kuechenschelle-pulsatilla-vulgaris.html"
"Puschkinia scilloides","Staudengärtnerei StaudenSpatz",NA
"Pyrus pyraster","Staudengärtnerei StaudenSpatz",NA
"Quercus pubescens","Staudengärtnerei StaudenSpatz",NA
"Ranunculus aquatilis","Staudengärtnerei StaudenSpatz",NA
"Ranunculus arvensis","Staudengärtnerei StaudenSpatz",NA
"Ranunculus bulbosus","Staudengärtnerei StaudenSpatz",NA
"Ranunculus flammula","Staudengärtnerei StaudenSpatz",NA
"Ranunculus lanuginosus","Staudengärtnerei StaudenSpatz",NA
"Ranunculus lingua","Staudengärtnerei StaudenSpatz",NA
"Ranunculus montanus","Staudengärtnerei StaudenSpatz",NA
"Ranunculus polyanthemos","Staudengärtnerei StaudenSpatz",NA
"Raphanus raphanistrum","Staudengärtnerei StaudenSpatz",NA
"Rapistrum perenne","Staudengärtnerei StaudenSpatz",NA
"Reseda lutea","Staudengärtnerei StaudenSpatz","https://www.stauden-spatzundfrank.de/gelber-wau-reseda-lutea.html"
"Reseda luteola","Staudengärtnerei StaudenSpatz","https://www.stauden-spatzundfrank.de/faerber-wau-reseda-luteola.html"
"Rhamnus cathartica","Staudengärtnerei StaudenSpatz",NA
"Rhamnus saxatilis","Staudengärtnerei StaudenSpatz",NA
"Rhinanthus alectorolophus","Staudengärtnerei StaudenSpatz",NA
"Rhinanthus minor","Staudengärtnerei StaudenSpatz",NA
"Rhinanthus serotinus","Staudengärtnerei StaudenSpatz",NA
"Rhodiola rosea","Staudengärtnerei StaudenSpatz",NA
"Rhododendron ferrugineum","Staudengärtnerei StaudenSpatz",NA
"Rhododendron tomentosum","Staudengärtnerei StaudenSpatz",NA
"Ribes alpinum","Staudengärtnerei StaudenSpatz",NA
"Ribes nigrum","Staudengärtnerei StaudenSpatz",NA
"Ribes petraeum","Staudengärtnerei StaudenSpatz",NA
"Rorippa amphibia","Staudengärtnerei StaudenSpatz",NA
"Rosa agrestis","Staudengärtnerei StaudenSpatz",NA
"Rosa arvensis","Staudengärtnerei StaudenSpatz",NA
"Rosa corymbifera","Staudengärtnerei StaudenSpatz",NA
"Rosa dumalis","Staudengärtnerei StaudenSpatz",NA
"Rosa elliptica","Staudengärtnerei StaudenSpatz",NA
"Rosa gallica","Staudengärtnerei StaudenSpatz",NA
"Rosa glauca","Staudengärtnerei StaudenSpatz",NA
"Rosa jundzillii","Staudengärtnerei StaudenSpatz",NA
"Rosa majalis","Staudengärtnerei StaudenSpatz",NA
"Rosa micrantha","Staudengärtnerei StaudenSpatz",NA
"Rosa mollis","Staudengärtnerei StaudenSpatz",NA
"Rosa pendulina","Staudengärtnerei StaudenSpatz",NA
"Rosa rubiginosa","Staudengärtnerei StaudenSpatz",NA
"Rosa scabriuscula","Staudengärtnerei StaudenSpatz",NA
"Rosa sherardii","Staudengärtnerei StaudenSpatz",NA
"Rosa spinosissima","Staudengärtnerei StaudenSpatz",NA
"Rosa stylosa","Staudengärtnerei StaudenSpatz",NA
"Rosa tomentella","Staudengärtnerei StaudenSpatz",NA
"Rosa tomentosa","Staudengärtnerei StaudenSpatz",NA
"Rosa villosa","Staudengärtnerei StaudenSpatz",NA
"Rubus chamaemorus","Staudengärtnerei StaudenSpatz",NA
"Rubus nemoralis","Staudengärtnerei StaudenSpatz",NA
"Rubus odoratus","Staudengärtnerei StaudenSpatz",NA
"Rubus parviflorus","Staudengärtnerei StaudenSpatz",NA
"Rubus saxatilis","Staudengärtnerei StaudenSpatz",NA
"Rubus spectabilis","Staudengärtnerei StaudenSpatz",NA
"Rubus ulmifolius","Staudengärtnerei StaudenSpatz",NA
"Rubus vulgaris","Staudengärtnerei StaudenSpatz",NA
"Rumex acetosa","Staudengärtnerei StaudenSpatz","https://www.stauden-spatzundfrank.de/blutampfer-rumex-acetosa-var-sanguinea.html"
"Rumex acetosa","Staudengärtnerei StaudenSpatz","https://www.stauden-spatzundfrank.de/wiesen-sauerampfer-rumex-acetosa.html"
"Rumex aquaticus","Staudengärtnerei StaudenSpatz",NA
"Rumex conglomeratus","Staudengärtnerei StaudenSpatz",NA
"Rumex hydrolapathum","Staudengärtnerei StaudenSpatz",NA
"Rumex longifolius","Staudengärtnerei StaudenSpatz",NA
"Rumex maritimus","Staudengärtnerei StaudenSpatz",NA
"Rumex sanguineus","Staudengärtnerei StaudenSpatz",NA
"Rumex scutatus","Staudengärtnerei StaudenSpatz",NA
"Ruta graveolens","Staudengärtnerei StaudenSpatz",NA
"Sagina nodosa","Staudengärtnerei StaudenSpatz",NA
"Sagina subulata","Staudengärtnerei StaudenSpatz","https://www.stauden-spatzundfrank.de/sternmoos-sagina-subulata.html"
"Sagina subulata","Staudengärtnerei StaudenSpatz","https://www.stauden-spatzundfrank.de/sternmoos-minima-sagina-subulata-minima.html"
"Sagittaria sagittifolia","Staudengärtnerei StaudenSpatz",NA
"Salix alba","Staudengärtnerei StaudenSpatz",NA
"Salix alpina","Staudengärtnerei StaudenSpatz",NA
"Salix aurita","Staudengärtnerei StaudenSpatz",NA
"Salix bicolor","Staudengärtnerei StaudenSpatz",NA
"Salix caesia","Staudengärtnerei StaudenSpatz",NA
"Salix daphnoides","Staudengärtnerei StaudenSpatz",NA
"Salix fragilis","Staudengärtnerei StaudenSpatz",NA
"Salix hastata","Staudengärtnerei StaudenSpatz",NA
"Salix herbacea","Staudengärtnerei StaudenSpatz",NA
"Salix myrtilloides","Staudengärtnerei StaudenSpatz",NA
"Salix nigricans","Staudengärtnerei StaudenSpatz",NA
"Salix pentandra","Staudengärtnerei StaudenSpatz",NA
"Salix purpurea","Staudengärtnerei StaudenSpatz",NA
"Salix repens","Staudengärtnerei StaudenSpatz",NA
"Salix reticulata","Staudengärtnerei StaudenSpatz",NA
"Salix rosmarinifolia","Staudengärtnerei StaudenSpatz",NA
"Salix starkeana","Staudengärtnerei StaudenSpatz",NA
"Salix triandra","Staudengärtnerei StaudenSpatz",NA
"Salvia glutinosa","Staudengärtnerei StaudenSpatz","https://www.stauden-spatzundfrank.de/klebriger-salbei-gelber-wald-salbei-salvia-glutinosa.html"
"Salvia nemorosa","Staudengärtnerei StaudenSpatz","https://www.stauden-spatzundfrank.de/steppensalbei-salvia-nemorosa.html"
"Salvia nemorosa","Staudengärtnerei StaudenSpatz","https://www.stauden-spatzundfrank.de/steppensalbei-adrian-salvia-nemorosa-adrian.html"
"Salvia nemorosa","Staudengärtnerei StaudenSpatz","https://www.stauden-spatzundfrank.de/steppensalbei-blauhuegel-salvia-nemorosa-blauhuegel.html"
"Salvia nemorosa","Staudengärtnerei StaudenSpatz","https://www.stauden-spatzundfrank.de/steppensalbei-caradonna-salvia-nemorosa-caradonna.html"
"Salvia nemorosa","Staudengärtnerei StaudenSpatz","https://www.stauden-spatzundfrank.de/steppensalbei-eos-salvia-nemorosa-eos.html"
"Salvia nemorosa","Staudengärtnerei StaudenSpatz","https://www.stauden-spatzundfrank.de/steppensalbei-mainacht-salvia-nemorosa-mainacht.html"
"Salvia nemorosa","Staudengärtnerei StaudenSpatz","https://www.stauden-spatzundfrank.de/steppensalbei-ostfriesland-salvia-nemorosa-ostfriesland.html"
"Salvia nemorosa","Staudengärtnerei StaudenSpatz","https://www.stauden-spatzundfrank.de/steppensalbei-viola-klose-salvia-nemorosa-viola-klose.html"
"Salvia pratensis","Staudengärtnerei StaudenSpatz","https://www.stauden-spatzundfrank.de/wiesensalbei-salvia-pratensis.html"
"Salvia pratensis","Staudengärtnerei StaudenSpatz","https://www.stauden-spatzundfrank.de/wiesensalbei-rose-rhapsody-salvia-pratensis-rose-rhapsody.html"
"Salvia pratensis","Staudengärtnerei StaudenSpatz","https://www.stauden-spatzundfrank.de/wiesensalbei-skydance-salvia-pratensis-skydance.html"
"Salvia pratensis","Staudengärtnerei StaudenSpatz","https://www.stauden-spatzundfrank.de/wiesensalbei-swan-lake-salvia-pratensis-swan-lake.html"
"Salvia pratensis","Staudengärtnerei StaudenSpatz","https://www.stauden-spatzundfrank.de/wiesensalbei-weiss-blau-salvia-pratensis-weiss-blau.html"
"Salvia verticillata","Staudengärtnerei StaudenSpatz","https://www.stauden-spatzundfrank.de/quirlbluetiger-salbei-alba-salvia-verticillata-alba.html"
"Sambucus ebulus","Staudengärtnerei StaudenSpatz",NA
"Sanguisorba minor","Staudengärtnerei StaudenSpatz","https://www.stauden-spatzundfrank.de/kleiner-wiesenknopf-pimpinelle-sanguisorba-minor.html"
"Sanguisorba officinalis","Staudengärtnerei StaudenSpatz","https://www.stauden-spatzundfrank.de/gewoehnlicher-wiesenknopf-sanguisorba-officinalis.html"
"Sanicula europaea","Staudengärtnerei StaudenSpatz",NA
"Saponaria ocymoides","Staudengärtnerei StaudenSpatz","https://www.stauden-spatzundfrank.de/polster-seifenkraut-saponaria-ocymoides.html"
"Saponaria ocymoides","Staudengärtnerei StaudenSpatz","https://www.stauden-spatzundfrank.de/polster-seifenkraut-snowtip-saponaria-ocymoides-snowtip.html"
"Saxifraga aizoides","Staudengärtnerei StaudenSpatz",NA
"Saxifraga granulata","Staudengärtnerei StaudenSpatz","https://www.stauden-spatzundfrank.de/knoellchen-steinbrech-saxifraga-granulata.html"
"Saxifraga paniculata","Staudengärtnerei StaudenSpatz",NA
"Scabiosa canescens","Staudengärtnerei StaudenSpatz","https://www.stauden-spatzundfrank.de/duft-skabiose-scabiosa-canescens.html"
"Scabiosa columbaria","Staudengärtnerei StaudenSpatz","https://www.stauden-spatzundfrank.de/tauben-skabiose-scabiosa-columbaria.html"
"Scabiosa ochroleuca","Staudengärtnerei StaudenSpatz","https://www.stauden-spatzundfrank.de/gelbe-skabiose-scabiosa-ochroleuca.html"
"Scandix pecten-veneris","Staudengärtnerei StaudenSpatz",NA
"Schoenoplectus lacustris","Staudengärtnerei StaudenSpatz",NA
"Schoenoplectus tabernaemontani","Staudengärtnerei StaudenSpatz",NA
"Schoenus nigricans","Staudengärtnerei StaudenSpatz",NA
"Scilla bifolia","Staudengärtnerei StaudenSpatz",NA
"Scirpus sylvaticus","Staudengärtnerei StaudenSpatz",NA
"Scleranthus perennis","Staudengärtnerei StaudenSpatz",NA
"Scorzonera austriaca","Staudengärtnerei StaudenSpatz",NA
"Scorzonera hispanica","Staudengärtnerei StaudenSpatz",NA
"Scorzonera humilis","Staudengärtnerei StaudenSpatz",NA
"Scorzonera purpurea","Staudengärtnerei StaudenSpatz",NA
"Scrophularia auriculata","Staudengärtnerei StaudenSpatz",NA
"Scrophularia umbrosa","Staudengärtnerei StaudenSpatz",NA
"Scrophularia vernalis","Staudengärtnerei StaudenSpatz",NA
"Scutellaria altissima","Staudengärtnerei StaudenSpatz",NA
"Scutellaria minor","Staudengärtnerei StaudenSpatz",NA
"Sedum album","Staudengärtnerei StaudenSpatz","https://www.stauden-spatzundfrank.de/rotmoos-mauerpfeffer-coral-carpet-sedum-album-coral-carpet.html"
"Sedum album","Staudengärtnerei StaudenSpatz","https://www.stauden-spatzundfrank.de/weisser-mauerpfeffer-sedum-album.html"
"Sedum dasyphyllum","Staudengärtnerei StaudenSpatz",NA
"Sedum maximum","Staudengärtnerei StaudenSpatz",NA
"Sedum rupestre","Staudengärtnerei StaudenSpatz","https://www.stauden-spatzundfrank.de/gruener-tripmadam-sedum-rupestre.html"
"Sedum sexangulare","Staudengärtnerei StaudenSpatz","https://www.stauden-spatzundfrank.de/milder-mauerpfeffer-sedum-sexangulare.html"
"Sedum telephium","Staudengärtnerei StaudenSpatz","https://www.stauden-spatzundfrank.de/hohe-fetthenne-sedum-telephium-ssp-maximum.html"
"Sedum telephium","Staudengärtnerei StaudenSpatz","https://www.stauden-spatzundfrank.de/hohe-fetthenne-sedum-telephium-ssp-telephium.html"
"Selinum carvifolia","Staudengärtnerei StaudenSpatz",NA
"Selinum dubium","Staudengärtnerei StaudenSpatz",NA
"Sempervivum tectorum","Staudengärtnerei StaudenSpatz",NA
"Senecio aquaticus","Staudengärtnerei StaudenSpatz",NA
"Senecio erucifolius","Staudengärtnerei StaudenSpatz",NA
"Senecio ovatus","Staudengärtnerei StaudenSpatz",NA
"Senecio paludosus","Staudengärtnerei StaudenSpatz",NA
"Senecio sarracenicus","Staudengärtnerei StaudenSpatz",NA
"Senecio subalpinus","Staudengärtnerei StaudenSpatz",NA
"Senecio sylvaticus","Staudengärtnerei StaudenSpatz",NA
"Serratula tinctoria","Staudengärtnerei StaudenSpatz","https://www.stauden-spatzundfrank.de/Faerberscharte-Serratula-tinctoria-.html"
"Seseli annuum","Staudengärtnerei StaudenSpatz",NA
"Seseli hippomarathrum","Staudengärtnerei StaudenSpatz",NA
"Seseli libanotis","Staudengärtnerei StaudenSpatz",NA
"Seseli montanum","Staudengärtnerei StaudenSpatz","https://www.stauden-spatzundfrank.de/echter-bergfenchel-seseli-montanum.html"
"Sesleria caerulea","Staudengärtnerei StaudenSpatz","https://www.stauden-spatzundfrank.de/kopfgras-moor-blaugras-sesleria-caerulea.html"
"Sherardia arvensis","Staudengärtnerei StaudenSpatz",NA
"Sibbaldia procumbens","Staudengärtnerei StaudenSpatz",NA
"Silaum silaus","Staudengärtnerei StaudenSpatz",NA
"Silene armeria","Staudengärtnerei StaudenSpatz",NA
"Silene baccifera","Staudengärtnerei StaudenSpatz",NA
"Silene noctiflora","Staudengärtnerei StaudenSpatz",NA
"Silene nutans","Staudengärtnerei StaudenSpatz","https://www.stauden-spatzundfrank.de/nickendes-leimkraut-silene-nutans.html"
"Silene otites","Staudengärtnerei StaudenSpatz",NA
"Silene viscaria","Staudengärtnerei StaudenSpatz",NA
"Silene vulgaris","Staudengärtnerei StaudenSpatz","https://www.stauden-spatzundfrank.de/gewoehnliches-leimkraut-silene-vulgaris.html"
"Sisymbrium loeselii","Staudengärtnerei StaudenSpatz",NA
"Sisymbrium orientale","Staudengärtnerei StaudenSpatz",NA
"Sium latifolium","Staudengärtnerei StaudenSpatz",NA
"Solidago virgaurea","Staudengärtnerei StaudenSpatz","https://www.stauden-spatzundfrank.de/echte-goldrute-solidago-virgaurea.html"
"Solidago virgaurea","Staudengärtnerei StaudenSpatz","https://www.stauden-spatzundfrank.de/zwerg-goldrute-solidago-virgaurea-var-minutissima.html"
"Sonchus palustris","Staudengärtnerei StaudenSpatz",NA
"Sorbus aria","Staudengärtnerei StaudenSpatz",NA
"Sorbus chamaemespilus","Staudengärtnerei StaudenSpatz",NA
"Sorbus domestica","Staudengärtnerei StaudenSpatz",NA
"Sorbus latifolia","Staudengärtnerei StaudenSpatz",NA
"Sorbus torminalis","Staudengärtnerei StaudenSpatz",NA
"Sparganium emersum","Staudengärtnerei StaudenSpatz",NA
"Sparganium erectum","Staudengärtnerei StaudenSpatz",NA
"Spergula arvensis","Staudengärtnerei StaudenSpatz",NA
"Spergularia marina","Staudengärtnerei StaudenSpatz",NA
"Spergularia media","Staudengärtnerei StaudenSpatz",NA
"Spergularia rubra","Staudengärtnerei StaudenSpatz",NA
"Stachys alpina","Staudengärtnerei StaudenSpatz",NA
"Stachys germanica","Staudengärtnerei StaudenSpatz",NA
"Stachys palustris","Staudengärtnerei StaudenSpatz",NA
"Stachys recta","Staudengärtnerei StaudenSpatz","https://www.stauden-spatzundfrank.de/aufrechter-ziest-stachys-recta.html"
"Stachys sylvatica","Staudengärtnerei StaudenSpatz","https://www.stauden-spatzundfrank.de/wald-ziest-stachys-sylvatica.html"
"Staphylea pinnata","Staudengärtnerei StaudenSpatz",NA
"Stellaria alsine","Staudengärtnerei StaudenSpatz",NA
"Stellaria holostea","Staudengärtnerei StaudenSpatz","https://www.stauden-spatzundfrank.de/grosse-sternmiere-stellaria-holostea.html"
"Stellaria nemorum","Staudengärtnerei StaudenSpatz",NA
"Stipa calamagrostis","Staudengärtnerei StaudenSpatz","https://www.stauden-spatzundfrank.de/silberaehrengras-silber-raugras-stipa-calamagrostis-alt-achnatherum-calamagrostis.html"
"Stipa capillata","Staudengärtnerei StaudenSpatz","https://www.stauden-spatzundfrank.de/Stipa-capillata--Bueschel-Haargras-.html"
"Stipa pennata","Staudengärtnerei StaudenSpatz",NA
"Stipa pulcherrima","Staudengärtnerei StaudenSpatz",NA
"Stratiotes aloides","Staudengärtnerei StaudenSpatz",NA
"Succisa pratensis","Staudengärtnerei StaudenSpatz","https://www.stauden-spatzundfrank.de/teufelsabbiss-succisa-pratensis.html"
"Succisa pratensis","Staudengärtnerei StaudenSpatz","https://www.stauden-spatzundfrank.de/succisa-pratensis-nana-teufelsabbiss.html"
"Symphytum officinale","Staudengärtnerei StaudenSpatz","https://www.stauden-spatzundfrank.de/echter-beinwell-symphytum-officinale.html"
"Symphytum tuberosum","Staudengärtnerei StaudenSpatz",NA
"Tamus communis","Staudengärtnerei StaudenSpatz",NA
"Tanacetum corymbosum","Staudengärtnerei StaudenSpatz",NA
"Tanacetum macrophyllum","Staudengärtnerei StaudenSpatz","https://www.stauden-spatzundfrank.de/schafgarben-margerite-tanacetum-macrophyllum.html"
"Tanacetum parthenium","Staudengärtnerei StaudenSpatz","https://www.stauden-spatzundfrank.de/mutterkraut-tanacetum-parthenium.html"
"Taxus baccata","Staudengärtnerei StaudenSpatz",NA
"Telekia speciosa","Staudengärtnerei StaudenSpatz",NA
"Tephroseris helenitis","Staudengärtnerei StaudenSpatz",NA
"Tetragonolobus maritimus","Staudengärtnerei StaudenSpatz",NA
"Teucrium botrys","Staudengärtnerei StaudenSpatz",NA
"Teucrium chamaedrys","Staudengärtnerei StaudenSpatz","https://www.stauden-spatzundfrank.de/edel-gamander-teucrium-chamaedrys.html"
"Teucrium montanum","Staudengärtnerei StaudenSpatz","https://www.stauden-spatzundfrank.de/berg-gamander-teucrium-montanum.html"
"Teucrium scordium","Staudengärtnerei StaudenSpatz",NA
"Teucrium scorodonia","Staudengärtnerei StaudenSpatz","https://www.stauden-spatzundfrank.de/salbei-gamander-wald-gamander-teucrium-scorodonia.html"
"Thalictrum aquilegifolium","Staudengärtnerei StaudenSpatz","https://www.stauden-spatzundfrank.de/akeleiblaettrige-wiesenraute-thalictrum-aquilegifolium.html"
"Thalictrum flavum","Staudengärtnerei StaudenSpatz","https://www.stauden-spatzundfrank.de/gelbe-wiesenraute-thalictrum-flavum.html"
"Thalictrum lucidum","Staudengärtnerei StaudenSpatz","https://www.stauden-spatzundfrank.de/glaenzende-wiesenraute-thalictrum-lucidum.html"
"Thalictrum minus","Staudengärtnerei StaudenSpatz","https://www.stauden-spatzundfrank.de/kleine-wiesenraute-thalictrum-minus.html"
"Thelypteris palustris","Staudengärtnerei StaudenSpatz",NA
"Thesium bavarum","Staudengärtnerei StaudenSpatz",NA
"Thlaspi montanum","Staudengärtnerei StaudenSpatz",NA
"Thymus praecox","Staudengärtnerei StaudenSpatz","https://www.stauden-spatzundfrank.de/fruehbluehender-thymian-thymus-praecox.html"
"Thymus praecox","Staudengärtnerei StaudenSpatz","https://www.stauden-spatzundfrank.de/wolliger-teppich-thymian-thymus-praecox-var-pseudolanuginosus-neu-thymus-praecox-ssp-britannicus.html"
"Thymus pulegioides","Staudengärtnerei StaudenSpatz","https://www.stauden-spatzundfrank.de/echter-quendel-arznei-thymian-thymus-pulegioides.html"
"Thymus serpyllum","Staudengärtnerei StaudenSpatz","https://www.stauden-spatzundfrank.de/sand-thymian-thymus-serpyllum.html"
"Thymus serpyllum","Staudengärtnerei StaudenSpatz","https://www.stauden-spatzundfrank.de/sand-thymian-coccineus-thymus-serpyllum.html"
"Thymus serpyllum","Staudengärtnerei StaudenSpatz","https://www.stauden-spatzundfrank.de/weisser-sand-thymian-album-thymus-serpyllum.html"
"Tilia platyphyllos","Staudengärtnerei StaudenSpatz",NA
"Tragopogon dubius","Staudengärtnerei StaudenSpatz",NA
"Tragopogon porrifolius","Staudengärtnerei StaudenSpatz",NA
"Trapa natans","Staudengärtnerei StaudenSpatz",NA
"Trichophorum cespitosum","Staudengärtnerei StaudenSpatz",NA
"Trientalis europaea","Staudengärtnerei StaudenSpatz",NA
"Trifolium alpestre","Staudengärtnerei StaudenSpatz",NA
"Trifolium arvense","Staudengärtnerei StaudenSpatz",NA
"Trifolium campestre","Staudengärtnerei StaudenSpatz",NA
"Trifolium medium","Staudengärtnerei StaudenSpatz",NA
"Trifolium montanum","Staudengärtnerei StaudenSpatz",NA
"Trifolium ochroleucum","Staudengärtnerei StaudenSpatz","https://www.stauden-spatzundfrank.de/blassgelber-klee-trifolium-ochroleucum.html"
"Trifolium pratense","Staudengärtnerei StaudenSpatz",NA
"Trifolium rubens","Staudengärtnerei StaudenSpatz","https://www.stauden-spatzundfrank.de/purpurklee-trifolium-rubens.html"
"Trifolium rubens","Staudengärtnerei StaudenSpatz","https://www.stauden-spatzundfrank.de/purpurklee-peachy-pink-trifolium-rubens-peachy-pink.html"
"Triglochin maritimum","Staudengärtnerei StaudenSpatz",NA
"Trinia glauca","Staudengärtnerei StaudenSpatz",NA
"Tripolium pannonicum","Staudengärtnerei StaudenSpatz",NA
"Trisetum flavescens","Staudengärtnerei StaudenSpatz",NA
"Trollius europaeus","Staudengärtnerei StaudenSpatz","https://www.stauden-spatzundfrank.de/trollblume-trollius-europaeus.html"
"Tulipa sylvestris","Staudengärtnerei StaudenSpatz",NA
"Turritis glabra","Staudengärtnerei StaudenSpatz",NA
"Typha angustifolia","Staudengärtnerei StaudenSpatz",NA
"Typha minima","Staudengärtnerei StaudenSpatz",NA
"Typha shuttleworthii","Staudengärtnerei StaudenSpatz",NA
"Ulex europaeus","Staudengärtnerei StaudenSpatz",NA
"Ulmus glabra","Staudengärtnerei StaudenSpatz",NA
"Ulmus laevis","Staudengärtnerei StaudenSpatz",NA
"Ulmus minor","Staudengärtnerei StaudenSpatz",NA
"Utricularia vulgaris","Staudengärtnerei StaudenSpatz",NA
"Vaccinium macrocarpon","Staudengärtnerei StaudenSpatz",NA
"Vaccinium myrtillus","Staudengärtnerei StaudenSpatz",NA
"Vaccinium oxycoccos","Staudengärtnerei StaudenSpatz",NA
"Vaccinium uliginosum","Staudengärtnerei StaudenSpatz",NA
"Vaccinium vitis-idaea","Staudengärtnerei StaudenSpatz",NA
"Valeriana dioica","Staudengärtnerei StaudenSpatz",NA
"Valeriana officinalis","Staudengärtnerei StaudenSpatz","https://www.stauden-spatzundfrank.de/echter-baldrian-valeriana-officinalis.html"
"Valeriana sambucifolia","Staudengärtnerei StaudenSpatz",NA
"Valerianella carinata","Staudengärtnerei StaudenSpatz",NA
"Valerianella locusta","Staudengärtnerei StaudenSpatz",NA
"Verbascum blattaria","Staudengärtnerei StaudenSpatz",NA
"Verbascum densiflorum","Staudengärtnerei StaudenSpatz",NA
"Verbascum lychnitis","Staudengärtnerei StaudenSpatz","https://www.stauden-spatzundfrank.de/mehlige-koenigskerze-verbascum-lychnitis.html"
"Verbascum phlomoides","Staudengärtnerei StaudenSpatz",NA
"Verbascum phoeniceum","Staudengärtnerei StaudenSpatz","https://www.stauden-spatzundfrank.de/purpur-koenigskerze-verbascum-phoeniceum.html"
"Verbascum pulverulentum","Staudengärtnerei StaudenSpatz",NA
"Verbascum thapsus","Staudengärtnerei StaudenSpatz",NA
"Verbena officinalis","Staudengärtnerei StaudenSpatz","https://www.stauden-spatzundfrank.de/echtes-eisenkraut-verbena-officinalis.html"
"Veronica austriaca","Staudengärtnerei StaudenSpatz",NA
"Veronica beccabunga","Staudengärtnerei StaudenSpatz","https://www.stauden-spatzundfrank.de/bachbungen-ehrenpreis-veronica-beccabunga.html"
"Veronica fruticulosa","Staudengärtnerei StaudenSpatz","https://www.stauden-spatzundfrank.de/kleinstrauchiger-ehrenpreis-veronica-fruticulosa.html"
"Veronica longifolia","Staudengärtnerei StaudenSpatz","https://www.stauden-spatzundfrank.de/wiesen-ehrenpreis-blauriesin-veronica-longifolia-blauriesin-neu-pseudolysimachion-longifolium-blauriesin.html"
"Veronica longifolia","Staudengärtnerei StaudenSpatz","https://www.stauden-spatzundfrank.de/wiesen-ehrenpreis-first-love-veronica-longifolia-first-love-neu-pseudolysimachion-longifolium-first-love.html"
"Veronica officinalis","Staudengärtnerei StaudenSpatz","https://www.stauden-spatzundfrank.de/gemeiner-ehrenpreis-veronica-officinalis.html"
"Veronica prostrata","Staudengärtnerei StaudenSpatz",NA
"Veronica spicata","Staudengärtnerei StaudenSpatz","https://www.stauden-spatzundfrank.de/ehrenpreis-rosa-zwerg-veronica-spicata-rosa-zwerg.html"
"Veronica spuria","Staudengärtnerei StaudenSpatz",NA
"Veronica teucrium","Staudengärtnerei StaudenSpatz","https://www.stauden-spatzundfrank.de/bueschel-ehrenpreis-veronica-teucrium.html"
"Veronica teucrium","Staudengärtnerei StaudenSpatz","https://www.stauden-spatzundfrank.de/bueschel-ehrenpreis-knallblau-veronica-teucrium-knallblau.html"
"Viburnum opulus","Staudengärtnerei StaudenSpatz",NA
"Vicia angustifolia","Staudengärtnerei StaudenSpatz",NA
"Vicia cassubica","Staudengärtnerei StaudenSpatz",NA
"Vicia dumetorum","Staudengärtnerei StaudenSpatz",NA
"Vicia pisiformis","Staudengärtnerei StaudenSpatz",NA
"Vicia sylvatica","Staudengärtnerei StaudenSpatz",NA
"Vicia tenuifolia","Staudengärtnerei StaudenSpatz",NA
"Vicia tetrasperma","Staudengärtnerei StaudenSpatz",NA
"Vicia villosa","Staudengärtnerei StaudenSpatz",NA
"Vincetoxicum hirundinaria","Staudengärtnerei StaudenSpatz","https://www.stauden-spatzundfrank.de/schwalbenwurz-vincetoxicum-hirundinaria.html"
"Viola biflora","Staudengärtnerei StaudenSpatz",NA
"Viola canina","Staudengärtnerei StaudenSpatz",NA
"Viola elatior","Staudengärtnerei StaudenSpatz",NA
"Viola hirta","Staudengärtnerei StaudenSpatz",NA
"Viola palustris","Staudengärtnerei StaudenSpatz","https://www.stauden-spatzundfrank.de/sumpfveilchen-viola-palustris.html"
"Viola reichenbachiana","Staudengärtnerei StaudenSpatz",NA
"Viola rupestris","Staudengärtnerei StaudenSpatz",NA
"Viola tricolor","Staudengärtnerei StaudenSpatz","https://www.stauden-spatzundfrank.de/wildes-stiefmuetterchen-viola-tricolor.html"
"Viscaria vulgaris","Staudengärtnerei StaudenSpatz",NA
"Viscum album","Staudengärtnerei StaudenSpatz",NA
"Vitis sylvestris","Staudengärtnerei StaudenSpatz",NA
"Woodsia ilvensis","Staudengärtnerei StaudenSpatz",NA
